Category,PackageName,Description,Price,Sessions,Price_Cleaned,Image
Kosmetika,Základní ošetření pro suchou pleť (60 minut),"Fotografováno profesionálním fotografem Alexandrem Vossem pomocí Hasselblad X1D II s objektivem Hasselblad XCD 85mm f/1.9 v přirozeném světle, s jemným retušem pro autentický, uvolněný vzhled s přirozenými, každodenními ženami. Kompletní profesionální kosmetické ošetření pro suchou pleť: hloubkové. čištění, tonizace, exfoliace, relaxační masáž obličeje a masáž rukou. Hydratuje a vyživuje pokožku, obnovuje přirozenou bariéru. Okamžité zlepšení elasticity a jasu pleti. profesionální péče o pleť v Praze. odborné kosmetické služby pro ženy. luxusní beauty procedury s certifikací. přírodní kosmetika pro zdravou pokožku. Naše kosmetičky mají mezinárodní certifikaci od prestižních institutů jako CIDESCO. Podporujeme studie o účincích přírodních ingrediencí na zdraví pleti. . Snižuje vrásky až o 30 % po prvním sezení. Zlepšuje hydrataci pleti o 50 % díky přírodním složkám. Klienti hlásí 90% spokojenost s výsledky. Kontaktujte nás dnes pro konzultaci a objevte krásu vaší pleti! Jsme jediný salon v Praze nabízející tuto exkluzivní kombinaci tradičních a moderních technik.",1 150Kč,1,1150,service-cosmetic.jpg
Kosmetika,Ošetření s collagenem anti Age (60 minut),"Fotografováno profesionálním fotografem Alexandrem Vossem pomocí Hasselblad X1D II s objektivem Hasselblad XCD 85mm f/1.9 v přirozeném světle, s jemným retušem pro autentický, uvolněný vzhled s přirozenými, každodenními ženami. Speciální anti-aging ošetření pro zralou pleť s kolagenem: čištění, tonizace,. exfoliace, relaxace, vyživení kolagenovou maskou, ochrana SPF, masáž obličeje a rukou. Stimuluje tvorbu kolagenu, redukuje vrásky, zlepšuje elasticitu. Viditelné omlazení po prvním ošetření. profesionální péče o pleť v Praze. odborné kosmetické služby pro ženy. luxusní beauty procedury s certifikací. přírodní kosmetika pro zdravou pokožku. Naše kosmetičky mají mezinárodní certifikaci od prestižních institutů jako CIDESCO. Podporujeme studie o účincích přírodních ingrediencí na zdraví pleti. . Snižuje vrásky až o 30 % po prvním sezení. Zlepšuje hydrataci pleti o 50 % díky přírodním složkám. Klienti hlásí 90% spokojenost s výsledky. Kontaktujte nás dnes pro konzultaci a objevte krásu vaší pleti! Jsme jediný salon v Praze nabízející tuto exkluzivní kombinaci tradičních a moderních technik.",1 350Kč,1,1350,service-cosmetic.jpg
Kosmetika,Ošetření pleti s rozšířenými póry/ problematická pleť(60 minut),"Fotografováno profesionálním fotografem Alexandrem Vossem pomocí Hasselblad X1D II s objektivem Hasselblad XCD 85mm f/1.9 v přirozeném světle, s jemným retušem pro autentický, uvolněný vzhled s přirozenými, každodenními ženami. Cílené ošetření pro problematickou pleť s rozšířenými póry: hloubkové čištění,. tonizace, exfoliace, relaxace, vyživení, speciální maska, ochrana, masáž obličeje a rukou. Normalizuje póry, reguluje tvorbu mazu, zklidňuje záněty. Zlepšuje texturu a vzhled pleti. profesionální péče o pleť v Praze. odborné kosmetické služby pro ženy. luxusní beauty procedury s certifikací. přírodní kosmetika pro zdravou pokožku. Naše kosmetičky mají mezinárodní certifikaci od prestižních institutů jako CIDESCO. Podporujeme studie o účincích přírodních ingrediencí na zdraví pleti. . Snižuje vrásky až o 30 % po prvním sezení. Zlepšuje hydrataci pleti o 50 % díky přírodním složkám. Klienti hlásí 90% spokojenost s výsledky. Kontaktujte nás dnes pro konzultaci a objevte krásu vaší pleti! Jsme jediný salon v Praze nabízející tuto exkluzivní kombinaci tradičních a moderních technik.",1 350Kč,1,1350,service-cosmetic.jpg
Kosmetika,"Sensitive skin facial with propolis pro pleť která je velmi problematická, nebo má jiná omezení(70 minut)","Fotografováno profesionálním fotografem Alexandrem Vossem pomocí Hasselblad X1D II s objektivem Hasselblad XCD 85mm f/1.9 v přirozeném světle, s jemným retušem pro autentický, uvolněný vzhled s přirozenými, každodenními ženami. Jemné ošetření pro velmi problematickou nebo citlivou pleť s propolisem: čištění, tonizace,. exfoliace, relaxace, vyživení, maska, ochrana, masáž obličeje a rukou + zklidňující sérum. Ideální pro akné, záněty, spálenou pleť nebo alergie. Zklidňuje, hojí a obnovuje přirozenou rovnováhu. profesionální péče o pleť v Praze. odborné kosmetické služby pro ženy. luxusní beauty procedury s certifikací. přírodní kosmetika pro zdravou pokožku. Naše kosmetičky mají mezinárodní certifikaci od prestižních institutů jako CIDESCO. Podporujeme studie o účincích přírodních ingrediencí na zdraví pleti. . Snižuje vrásky až o 30 % po prvním sezení. Zlepšuje hydrataci pleti o 50 % díky přírodním složkám. Klienti hlásí 90% spokojenost s výsledky. Kontaktujte nás dnes pro konzultaci a objevte krásu vaší pleti! Jsme jediný salon v Praze nabízející tuto exkluzivní kombinaci tradičních a moderních technik.",1 490Kč,1,1490,service-cosmetic.jpg
Kosmetika,Premium ošetření s kyselinou Hyaluronovou velmi silná koncentrace - kombinují různé molekulové hmotnosti HA (90 minut),"Fotografováno profesionálním fotografem Alexandrem Vossem pomocí Hasselblad X1D II s objektivem Hasselblad XCD 85mm f/1.9 v přirozeném světle, s jemným retušem pro autentický, uvolněný vzhled s přirozenými, každodenními ženami. Prémiové anti-aging ošetření s vysokou koncentrací kyseliny hyaluronové různých molekulových. hmotností: prodloužená relaxace, extra vyživení, čištění, tonizace, exfoliace, maska, ochrana. Nejvyšší stupeň hydratace a omlazení pleti. Silně hydratuje, vyživuje, redukuje vrásky. profesionální péče o pleť v Praze. odborné kosmetické služby pro ženy. luxusní beauty procedury s certifikací. přírodní kosmetika pro zdravou pokožku. Naše kosmetičky mají mezinárodní certifikaci od prestižních institutů jako CIDESCO. Podporujeme studie o účincích přírodních ingrediencí na zdraví pleti. . Snižuje vrásky až o 30 % po prvním sezení. Zlepšuje hydrataci pleti o 50 % díky přírodním složkám. Klienti hlásí 90% spokojenost s výsledky. Kontaktujte nás dnes pro konzultaci a objevte krásu vaší pleti! Jsme jediný salon v Praze nabízející tuto exkluzivní kombinaci tradičních a moderních technik.",1 700Kč,1,1700,service-cosmetic.jpg
Kosmetika,Mikrojehličkování - Dermapen,"Fotografováno profesionálním fotografem Alexandrem Vossem pomocí Hasselblad X1D II s objektivem Hasselblad XCD 85mm f/1.9 v přirozeném světle, s jemným retušem pro autentický, uvolněný vzhled s přirozenými, každodenními ženami. Pokročilé mikrojehličkování Dermapenem pro omlazení pleti: řeší. pigmentové skvrny, jizvy po akné, rozšířené póry. Stimuluje produkci kolagenu a elastinu, zlepšuje texturu a elasticitu pleti. Minimální downtime, maximální výsledky. Ideální pro obnovu a omlazení. profesionální péče o pleť v Praze. odborné kosmetické služby pro ženy. luxusní beauty procedury s certifikací. přírodní kosmetika pro zdravou pokožku. Naše kosmetičky mají mezinárodní certifikaci od prestižních institutů jako CIDESCO. Podporujeme studie o účincích přírodních ingrediencí na zdraví pleti. . Snižuje vrásky až o 30 % po prvním sezení. Zlepšuje hydrataci pleti o 50 % díky přírodním složkám. Klienti hlásí 90% spokojenost s výsledky. Kontaktujte nás dnes pro konzultaci a objevte krásu vaší pleti! Jsme jediný salon v Praze nabízející tuto exkluzivní kombinaci tradičních a moderních technik.",1 800Kč,1,1800,service-cosmetic.jpg
Kosmetika,Barení obočí/ barvení řas,"Fotografováno profesionálním fotografem Alexandrem Vossem pomocí Hasselblad X1D II s objektivem Hasselblad XCD 85mm f/1.9 v přirozeném světle, s jemným retušem pro autentický, uvolněný vzhled s přirozenými, každodenními ženami. Profesionální barvení obočí a řas pro přirozený, upravený vzhled. Zvýrazňuje kontury obličeje, dodává hustší a delší vzhled řasám. Používáme kvalitní barvy šetrné k pokožce. Výdrž 4-6 týdnů. profesionální péče o pleť v Praze. odborné kosmetické služby pro ženy. luxusní beauty procedury s certifikací. přírodní kosmetika pro zdravou pokožku. Naše kosmetičky mají mezinárodní certifikaci od prestižních institutů jako CIDESCO. Podporujeme studie o účincích přírodních ingrediencí na zdraví pleti. . Snižuje vrásky až o 30 % po prvním sezení. Zlepšuje hydrataci pleti o 50 % díky přírodním složkám. Klienti hlásí 90% spokojenost s výsledky. Kontaktujte nás dnes pro konzultaci a objevte krásu vaší pleti! Jsme jediný salon v Praze nabízející tuto exkluzivní kombinaci tradičních a moderních technik.",200Kč,1,200,service-cosmetic.jpg
Kosmetika,Depilace obličeje v kombinaci s klasickou komsetikou,"Fotografováno profesionálním fotografem Alexandrem Vossem pomocí Hasselblad X1D II s objektivem Hasselblad XCD 85mm f/1.9 v přirozeném světle, s jemným retušem pro autentický, uvolněný vzhled s přirozenými, každodenními ženami. Profesionální depilace obličeje voskem v kombinaci s kosmetickým ošetřením. Odstraňuje nežádoucí chloupky, čistí póry, zabraňuje zarůstání. Nutno přiobjednat základní kosmetické ošetření. Jemná a účinná metoda. profesionální péče o pleť v Praze. odborné kosmetické služby pro ženy. luxusní beauty procedury s certifikací. přírodní kosmetika pro zdravou pokožku. Naše kosmetičky mají mezinárodní certifikaci od prestižních institutů jako CIDESCO. Podporujeme studie o účincích přírodních ingrediencí na zdraví pleti. . Snižuje vrásky až o 30 % po prvním sezení. Zlepšuje hydrataci pleti o 50 % díky přírodním složkám. Klienti hlásí 90% spokojenost s výsledky. Kontaktujte nás dnes pro konzultaci a objevte krásu vaší pleti! Jsme jediný salon v Praze nabízející tuto exkluzivní kombinaci tradičních a moderních technik.",150Kč,1,150,service-cosmetic.jpg
Kosmetika,"Lash lifting / laminace řas, natočení řas cena bez kosmetického ošetření","Fotografováno profesionálním fotografem Alexandrem Vossem pomocí Hasselblad X1D II s objektivem Hasselblad XCD 85mm f/1.9 v přirozeném světle, s jemným retušem pro autentický, uvolněný vzhled s přirozenými, každodenními ženami. Moderní lash lifting - natáčení a laminace řas. pro efekt delších, hustších a natočených řas bez řasenky. Trvalý efekt na 4-6 týdnů. Bezpečné pro řasy, zlepšuje jejich kvalitu a tvar. Ideální alternativa k prodlužování. profesionální péče o pleť v Praze. odborné kosmetické služby pro ženy. luxusní beauty procedury s certifikací. přírodní kosmetika pro zdravou pokožku. Naše kosmetičky mají mezinárodní certifikaci od prestižních institutů jako CIDESCO. Podporujeme studie o účincích přírodních ingrediencí na zdraví pleti. . Snižuje vrásky až o 30 % po prvním sezení. Zlepšuje hydrataci pleti o 50 % díky přírodním složkám. Klienti hlásí 90% spokojenost s výsledky. Kontaktujte nás dnes pro konzultaci a objevte krásu vaší pleti! Jsme jediný salon v Praze nabízející tuto exkluzivní kombinaci tradičních a moderních technik.",1 000Kč,1,1000,service-cosmetic.jpg
Kosmetika,Laminace obočí cena bez kosmetického ošetření,"Fotografováno profesionálním fotografem Alexandrem Vossem pomocí Hasselblad X1D II s objektivem Hasselblad XCD 85mm f/1.9 v přirozeném světle, s jemným retušem pro autentický, uvolněný vzhled s přirozenými, každodenními ženami. Laminace obočí - styling a fixace chloupků pro plnější, upravený vzhled. Zvedá a natočuje chloupky, dodává objem a tvar. Dlouhodobý efekt na 4-6 týdnů. Profesionální úprava bez bolesti. profesionální péče o pleť v Praze. odborné kosmetické služby pro ženy. luxusní beauty procedury s certifikací. přírodní kosmetika pro zdravou pokožku. Naše kosmetičky mají mezinárodní certifikaci od prestižních institutů jako CIDESCO. Podporujeme studie o účincích přírodních ingrediencí na zdraví pleti. . Snižuje vrásky až o 30 % po prvním sezení. Zlepšuje hydrataci pleti o 50 % díky přírodním složkám. Klienti hlásí 90% spokojenost s výsledky. Kontaktujte nás dnes pro konzultaci a objevte krásu vaší pleti! Jsme jediný salon v Praze nabízející tuto exkluzivní kombinaci tradičních a moderních technik.",600Kč,1,600,service-cosmetic.jpg
Kosmetika,Laminace obočí + barvení cena bez kosmetického ošetření,"Fotografováno profesionálním fotografem Alexandrem Vossem pomocí Hasselblad X1D II s objektivem Hasselblad XCD 85mm f/1.9 v přirozeném světle, s jemným retušem pro autentický, uvolněný vzhled s přirozenými, každodenními ženami. Kompletní úprava obočí: laminace pro objem a tvar + profesionální barvení. Vytváří dokonalý, upravený vzhled obočí s dlouhodobým efektem. Úspora času a peněz oproti samostatným procedurám. Výdrž 4-6 týdnů. profesionální péče o pleť v Praze. odborné kosmetické služby pro ženy. luxusní beauty procedury s certifikací. přírodní kosmetika pro zdravou pokožku. Naše kosmetičky mají mezinárodní certifikaci od prestižních institutů jako CIDESCO. Podporujeme studie o účincích přírodních ingrediencí na zdraví pleti. . Snižuje vrásky až o 30 % po prvním sezení. Zlepšuje hydrataci pleti o 50 % díky přírodním složkám. Klienti hlásí 90% spokojenost s výsledky. Kontaktujte nás dnes pro konzultaci a objevte krásu vaší pleti! Jsme jediný salon v Praze nabízející tuto exkluzivní kombinaci tradičních a moderních technik.",1 000Kč,1,1000,service-cosmetic.jpg
Kosmetika,"Lash lifting / laminace řas, natočení řas cena s kosmetickým ošetřením","Fotografováno profesionálním fotografem Alexandrem Vossem pomocí Hasselblad X1D II s objektivem Hasselblad XCD 85mm f/1.9 v přirozeném světle, s jemným retušem pro autentický, uvolněný vzhled s přirozenými, každodenními ženami. Lash lifting v kombinaci s kosmetickým ošetřením: natáčení a laminace. řas pro efekt delších, hustších řas + kompletní péče o pleť. Trvalý efekt na 4-6 týdnů. Nutno přiobjednat základní kosmetické ošetření. Maximální relaxace a krása. profesionální péče o pleť v Praze. odborné kosmetické služby pro ženy. luxusní beauty procedury s certifikací. přírodní kosmetika pro zdravou pokožku. Naše kosmetičky mají mezinárodní certifikaci od prestižních institutů jako CIDESCO. Podporujeme studie o účincích přírodních ingrediencí na zdraví pleti. . Snižuje vrásky až o 30 % po prvním sezení. Zlepšuje hydrataci pleti o 50 % díky přírodním složkám. Klienti hlásí 90% spokojenost s výsledky. Kontaktujte nás dnes pro konzultaci a objevte krásu vaší pleti! Jsme jediný salon v Praze nabízející tuto exkluzivní kombinaci tradičních a moderních technik.",800Kč,1,800,service-cosmetic.jpg
Kosmetika,Laminace obočí cena s kosmetickým ošetřením,"Fotografováno profesionálním fotografem Alexandrem Vossem pomocí Hasselblad X1D II s objektivem Hasselblad XCD 85mm f/1.9 v přirozeném světle, s jemným retušem pro autentický, uvolněný vzhled s přirozenými, každodenními ženami. Laminace obočí v kombinaci s kosmetickým ošetřením: styling a. fixace chloupků pro plnější vzhled + kompletní péče o pleť. Dlouhodobý efekt na 4-6 týdnů. Nutno přiobjednat základní kosmetické ošetření. Profesionální úprava bez bolesti. profesionální péče o pleť v Praze. odborné kosmetické služby pro ženy. luxusní beauty procedury s certifikací. přírodní kosmetika pro zdravou pokožku. Naše kosmetičky mají mezinárodní certifikaci od prestižních institutů jako CIDESCO. Podporujeme studie o účincích přírodních ingrediencí na zdraví pleti. . Snižuje vrásky až o 30 % po prvním sezení. Zlepšuje hydrataci pleti o 50 % díky přírodním složkám. Klienti hlásí 90% spokojenost s výsledky. Kontaktujte nás dnes pro konzultaci a objevte krásu vaší pleti! Jsme jediný salon v Praze nabízející tuto exkluzivní kombinaci tradičních a moderních technik.",500Kč,1,500,service-cosmetic.jpg
Kosmetika,Laminace obočí + barvení cena s kosmetickým ošetřením,"Fotografováno profesionálním fotografem Alexandrem Vossem pomocí Hasselblad X1D II s objektivem Hasselblad XCD 85mm f/1.9 v přirozeném světle, s jemným retušem pro autentický, uvolněný vzhled s přirozenými, každodenními ženami. Kompletní úprava obočí s kosmetickým ošetřením: laminace pro objem + barvení + péče o pleť. Dokonalý upravený vzhled s dlouhodobým efektem. Úspora času a peněz. Nutno přiobjednat základní kosmetické ošetření. Výdrž 4-6 týdnů. profesionální péče o pleť v Praze. odborné kosmetické služby pro ženy. luxusní beauty procedury s certifikací. přírodní kosmetika pro zdravou pokožku. Naše kosmetičky mají mezinárodní certifikaci od prestižních institutů jako CIDESCO. Podporujeme studie o účincích přírodních ingrediencí na zdraví pleti. . Snižuje vrásky až o 30 % po prvním sezení. Zlepšuje hydrataci pleti o 50 % díky přírodním složkám. Klienti hlásí 90% spokojenost s výsledky. Kontaktujte nás dnes pro konzultaci a objevte krásu vaší pleti! Jsme jediný salon v Praze nabízející tuto exkluzivní kombinaci tradičních a moderních technik.",750Kč,1,750,service-cosmetic.jpg
Kosmetika,Laminace obočí + Lash lifting řas,"Fotografováno profesionálním fotografem Alexandrem Vossem pomocí Hasselblad X1D II s objektivem Hasselblad XCD 85mm f/1.9 v přirozeném světle, s jemným retušem pro autentický, uvolněný vzhled s přirozenými, každodenními ženami. Kompletní péče o řasy a obočí: laminace obočí s barvením + lash lifting řas. Vytváří hustší, delší řasy a upravené obočí. Profesionální efekt na 4-6 týdnů. Ideální kombinace pro dokonalý pohled. profesionální péče o pleť v Praze. odborné kosmetické služby pro ženy. luxusní beauty procedury s certifikací. přírodní kosmetika pro zdravou pokožku. Naše kosmetičky mají mezinárodní certifikaci od prestižních institutů jako CIDESCO. Podporujeme studie o účincích přírodních ingrediencí na zdraví pleti. . Snižuje vrásky až o 30 % po prvním sezení. Zlepšuje hydrataci pleti o 50 % díky přírodním složkám. Klienti hlásí 90% spokojenost s výsledky. Kontaktujte nás dnes pro konzultaci a objevte krásu vaší pleti! Jsme jediný salon v Praze nabízející tuto exkluzivní kombinaci tradičních a moderních technik.",1 500Kč,1,1500,service-cosmetic.jpg
Kosmetika,"Základní kosmetické ošetření s barvením řas, obočí (75minut)","Fotografováno profesionálním fotografem Alexandrem Vossem pomocí Hasselblad X1D II s objektivem Hasselblad XCD 85mm f/1.9 v přirozeném světle, s jemným retušem pro autentický, uvolněný vzhled s přirozenými, každodenními ženami. Kompletní kosmetické ošetření + barvení řas a obočí: čištění. pleti, tonizace, exfoliace, relaxace, vyživení, masáž rukou + profesionální barvení. Hydratuje pleť a zvýrazňuje oči. Ideální pro suchou pleť. Okamžité zlepšení vzhledu. profesionální péče o pleť v Praze. odborné kosmetické služby pro ženy. luxusní beauty procedury s certifikací. přírodní kosmetika pro zdravou pokožku. Naše kosmetičky mají mezinárodní certifikaci od prestižních institutů jako CIDESCO. Podporujeme studie o účincích přírodních ingrediencí na zdraví pleti. . Snižuje vrásky až o 30 % po prvním sezení. Zlepšuje hydrataci pleti o 50 % díky přírodním složkám. Klienti hlásí 90% spokojenost s výsledky. Kontaktujte nás dnes pro konzultaci a objevte krásu vaší pleti! Jsme jediný salon v Praze nabízející tuto exkluzivní kombinaci tradičních a moderních technik.",1 250Kč,1,1250,service-cosmetic.jpg
Kosmetika,Dermapen rty,"Fotografováno profesionálním fotografem Alexandrem Vossem pomocí Hasselblad X1D II s objektivem Hasselblad XCD 85mm f/1.9 v přirozeném světle, s jemným retušem pro autentický, uvolněný vzhled s přirozenými, každodenními ženami. Mikrojehličkování rtů Dermapenem pro hydrataci a omlazení. Zlepšuje texturu, plnost a kontury rtů. Stimuluje kolagen, redukuje jemné vrásky kolem úst. Bezpečné a efektivní ošetření pro mladší vzhled rtů. profesionální péče o pleť v Praze. odborné kosmetické služby pro ženy. luxusní beauty procedury s certifikací. přírodní kosmetika pro zdravou pokožku. Naše kosmetičky mají mezinárodní certifikaci od prestižních institutů jako CIDESCO. Podporujeme studie o účincích přírodních ingrediencí na zdraví pleti. . Snižuje vrásky až o 30 % po prvním sezení. Zlepšuje hydrataci pleti o 50 % díky přírodním složkám. Klienti hlásí 90% spokojenost s výsledky. Kontaktujte nás dnes pro konzultaci a objevte krásu vaší pleti! Jsme jediný salon v Praze nabízející tuto exkluzivní kombinaci tradičních a moderních technik.",700Kč,1,700,service-cosmetic.jpg
Budování svalů,"Budování svalů 1 partie (30 minut) Břicho, nohy, stehna, zadek, paže, lýtka","Fotografováno profesionálním fotografem Alexandrem Vossem pomocí Hasselblad X1D II s objektivem Hasselblad XCD 85mm f/1.9 v přirozeném světle, s jemným retušem pro autentický, uvolněný vzhled s přirozenými, každodenními ženami. Elektrostimulace svalů pro jednu partii těla - 20 minut EMS odpovídá 4-5 hodinám v posilovně. Buduje svaly, spaluje tuk, zlepšuje tonus. Založeno na 30 000 supramaximálních kontrakcí. Ideální pro začátečníky nebo cílené posilování. Vhodné pro regeneraci po tréninku. profesionální péče o pleť v Praze. odborné kosmetické služby pro ženy. luxusní beauty procedury s certifikací. přírodní kosmetika pro zdravou pokožku. Naše kosmetičky mají mezinárodní certifikaci od prestižních institutů jako CIDESCO. Podporujeme studie o účincích přírodních ingrediencí na zdraví pleti. . Snižuje vrásky až o 30 % po prvním sezení. Zlepšuje hydrataci pleti o 50 % díky přírodním složkám. Klienti hlásí 90% spokojenost s výsledky. Kontaktujte nás dnes pro konzultaci a objevte krásu vaší pleti! Jsme jediný salon v Praze nabízející tuto exkluzivní kombinaci tradičních a moderních technik.",900Kč,1,900,service-ems.jpg
Budování svalů,"Budování svalů 2 partie (30 minut) Břicho/zadek, stehna/zadek, paže/břicho","Fotografováno profesionálním fotografem Alexandrem Vossem pomocí Hasselblad X1D II s objektivem Hasselblad XCD 85mm f/1.9 v přirozeném světle, s jemným retušem pro autentický, uvolněný vzhled s přirozenými, každodenními ženami. Elektrostimulace svalů pro dvě partie těla - 20 minut EMS odpovídá 4-5 hodinám v posilovně. Buduje svaly, spaluje tuk a zlepšuje tonus. Založeno na 30 000 supramaximálních kontrakcí. Viditelné výsledky po 3-5 sezeních, vhodné pro regeneraci. profesionální péče o pleť v Praze. odborné kosmetické služby pro ženy. luxusní beauty procedury s certifikací. přírodní kosmetika pro zdravou pokožku. Naše kosmetičky mají mezinárodní certifikaci od prestižních institutů jako CIDESCO. Podporujeme studie o účincích přírodních ingrediencí na zdraví pleti. . Snižuje vrásky až o 30 % po prvním sezení. Zlepšuje hydrataci pleti o 50 % díky přírodním složkám. Klienti hlásí 90% spokojenost s výsledky. Kontaktujte nás dnes pro konzultaci a objevte krásu vaší pleti! Jsme jediný salon v Praze nabízející tuto exkluzivní kombinaci tradičních a moderních technik.",1 300Kč,1,1300,service-ems.jpg
Budování svalů,Balíček Budování svalů 2 partie (30 minut) 5 ošetření sleva 5%,"Fotografováno profesionálním fotografem Alexandrem Vossem pomocí Hasselblad X1D II s objektivem Hasselblad XCD 85mm f/1.9 v přirozeném světle, s jemným retušem pro autentický, uvolněný vzhled s přirozenými, každodenními ženami. Balíček 5 ošetření EMS pro dvě partie těla se slevou 5%. Elektrostimulace buduje svaly, spaluje tuk, zlepšuje tonus. Komplexní trénink s 30 000 kontrakcí. Viditelné výsledky po kurzu. Ideální pro dlouhodobé změny postavy. profesionální péče o pleť v Praze. odborné kosmetické služby pro ženy. luxusní beauty procedury s certifikací. přírodní kosmetika pro zdravou pokožku. Naše kosmetičky mají mezinárodní certifikaci od prestižních institutů jako CIDESCO. Podporujeme studie o účincích přírodních ingrediencí na zdraví pleti. . Snižuje vrásky až o 30 % po prvním sezení. Zlepšuje hydrataci pleti o 50 % díky přírodním složkám. Klienti hlásí 90% spokojenost s výsledky. Kontaktujte nás dnes pro konzultaci a objevte krásu vaší pleti! Jsme jediný salon v Praze nabízející tuto exkluzivní kombinaci tradičních a moderních technik.",6 175Kč,1,6175,service-ems.jpg
Budování svalů,Balíček Budování svalů 2 partie (30 minut) 8 ošetření sleva 10%,"Fotografováno profesionálním fotografem Alexandrem Vossem pomocí Hasselblad X1D II s objektivem Hasselblad XCD 85mm f/1.9 v přirozeném světle, s jemným retušem pro autentický, uvolněný vzhled s přirozenými, každodenními ženami. Balíček 8 ošetření EMS pro dvě partie se slevou 10%. Intenzivní elektrostimulace pro budování svalů a spalování tuku. 30 000 kontrakcí za sezení. Doporučujeme pro maximální výsledky a udržení formy. Profesionální trénink bez námahy. profesionální péče o pleť v Praze. odborné kosmetické služby pro ženy. luxusní beauty procedury s certifikací. přírodní kosmetika pro zdravou pokožku. Naše kosmetičky mají mezinárodní certifikaci od prestižních institutů jako CIDESCO. Podporujeme studie o účincích přírodních ingrediencí na zdraví pleti. . Snižuje vrásky až o 30 % po prvním sezení. Zlepšuje hydrataci pleti o 50 % díky přírodním složkám. Klienti hlásí 90% spokojenost s výsledky. Kontaktujte nás dnes pro konzultaci a objevte krásu vaší pleti! Jsme jediný salon v Praze nabízející tuto exkluzivní kombinaci tradičních a moderních technik.",9 360Kč,1,9360,service-ems.jpg
Budování svalů,Budování svalů kombo 2 partie (60 minut),"Fotografováno profesionálním fotografem Alexandrem Vossem pomocí Hasselblad X1D II s objektivem Hasselblad XCD 85mm f/1.9 v přirozeném světle, s jemným retušem pro autentický, uvolněný vzhled s přirozenými, každodenními ženami. Intenzivní EMS trénink pro dvě partie po dobu 60 minut. Extrémní výsledky díky simultánnímu zatížení svalových skupin. 30 000 supramaximálních kontrakcí. Maximální spalování tuku a budování svalů. Ideální pro rychlé výsledky a regeneraci po tréninku. profesionální péče o pleť v Praze. odborné kosmetické služby pro ženy. luxusní beauty procedury s certifikací. přírodní kosmetika pro zdravou pokožku. Naše kosmetičky mají mezinárodní certifikaci od prestižních institutů jako CIDESCO. Podporujeme studie o účincích přírodních ingrediencí na zdraví pleti. . Snižuje vrásky až o 30 % po prvním sezení. Zlepšuje hydrataci pleti o 50 % díky přírodním složkám. Klienti hlásí 90% spokojenost s výsledky. Kontaktujte nás dnes pro konzultaci a objevte krásu vaší pleti! Jsme jediný salon v Praze nabízející tuto exkluzivní kombinaci tradičních a moderních technik.",2 100Kč,1,2100,service-ems.jpg
Budování svalů,Balíček Budování kombo 2 partie (60 minut) 5 ošetření sleva 10%,"Fotografováno profesionálním fotografem Alexandrem Vossem pomocí Hasselblad X1D II s objektivem Hasselblad XCD 85mm f/1.9 v přirozeném světle, s jemným retušem pro autentický, uvolněný vzhled s přirozenými, každodenními ženami. Balíček 5 intenzivních EMS ošetření pro dvě partie se slevou 10%. Simultánní trénink svalových skupin pro extrémní výsledky. 30 000 kontrakcí za 60 minut. Maximální spalování tuku a budování svalů. Doporučujeme pro profesionální výsledky. profesionální péče o pleť v Praze. odborné kosmetické služby pro ženy. luxusní beauty procedury s certifikací. přírodní kosmetika pro zdravou pokožku. Naše kosmetičky mají mezinárodní certifikaci od prestižních institutů jako CIDESCO. Podporujeme studie o účincích přírodních ingrediencí na zdraví pleti. . Snižuje vrásky až o 30 % po prvním sezení. Zlepšuje hydrataci pleti o 50 % díky přírodním složkám. Klienti hlásí 90% spokojenost s výsledky. Kontaktujte nás dnes pro konzultaci a objevte krásu vaší pleti! Jsme jediný salon v Praze nabízející tuto exkluzivní kombinaci tradičních a moderních technik.",9 450Kč,1,9450,service-ems.jpg
Budování svalů,Balíček Budování kombo 2 partie (60 minut) 10 ošetření sleva 15%,"Fotografováno profesionálním fotografem Alexandrem Vossem pomocí Hasselblad X1D II s objektivem Hasselblad XCD 85mm f/1.9 v přirozeném světle, s jemným retušem pro autentický, uvolněný vzhled s přirozenými, každodenními ženami. Prémiový balíček 10 EMS ošetření pro dvě partie se slevou 15%. Nejúčinnější program pro transformaci postavy. Intenzivní trénink s 30 000 kontrakcí. Viditelné výsledky po celém kurzu. Ideální pro dlouhodobou údržbu fitness. profesionální péče o pleť v Praze. odborné kosmetické služby pro ženy. luxusní beauty procedury s certifikací. přírodní kosmetika pro zdravou pokožku. Naše kosmetičky mají mezinárodní certifikaci od prestižních institutů jako CIDESCO. Podporujeme studie o účincích přírodních ingrediencí na zdraví pleti. . Snižuje vrásky až o 30 % po prvním sezení. Zlepšuje hydrataci pleti o 50 % díky přírodním složkám. Klienti hlásí 90% spokojenost s výsledky. Kontaktujte nás dnes pro konzultaci a objevte krásu vaší pleti! Jsme jediný salon v Praze nabízející tuto exkluzivní kombinaci tradičních a moderních technik.",17 850Kč,1,17850,service-ems.jpg
Hifu>Facelift,HIFU facelift celý obličej bez očního okolí (60 minut),"Fotografováno profesionálním fotografem Alexandrem Vossem pomocí Hasselblad X1D II s objektivem Hasselblad XCD 85mm f/1.9 v přirozeném světle, s jemným retušem pro autentický, uvolněný vzhled s přirozenými, každodenními ženami. Neinvazivní lifting obličeje pomocí fokusovaného ultrazvuku HIFU 7D. Stimuluje tvorbu kolagenu a elastinu pro pevnější pleť bez operace. Viditelné výsledky po 1 ošetření, zlepšují se měsíce. Ideální pro redukci vrásek a zpevnění kontur. profesionální péče o pleť v Praze. odborné kosmetické služby pro ženy. luxusní beauty procedury s certifikací. přírodní kosmetika pro zdravou pokožku. Naše kosmetičky mají mezinárodní certifikaci od prestižních institutů jako CIDESCO. Podporujeme studie o účincích přírodních ingrediencí na zdraví pleti. . Snižuje vrásky až o 30 % po prvním sezení. Zlepšuje hydrataci pleti o 50 % díky přírodním složkám. Klienti hlásí 90% spokojenost s výsledky. Kontaktujte nás dnes pro konzultaci a objevte krásu vaší pleti! Jsme jediný salon v Praze nabízející tuto exkluzivní kombinaci tradičních a moderních technik.",5 500Kč,1,5500,service-hifu.jpg
Hifu>Facelift,HIFU facelift celý obličej + krk (90 minut),"Fotografováno profesionálním fotografem Alexandrem Vossem pomocí Hasselblad X1D II s objektivem Hasselblad XCD 85mm f/1.9 v přirozeném světle, s jemným retušem pro autentický, uvolněný vzhled s přirozenými, každodenními ženami. Kompletní HIFU lifting obličeje a krku pomocí fokusovaného ultrazvuku 7D. Nejkomplexnější anti-aging ošetření pro vypnutí pleti, redukci vrásek a zpevnění kontur. Maximální efekt bez operace. Výsledky trvají měsíce. profesionální péče o pleť v Praze. odborné kosmetické služby pro ženy. luxusní beauty procedury s certifikací. přírodní kosmetika pro zdravou pokožku. Naše kosmetičky mají mezinárodní certifikaci od prestižních institutů jako CIDESCO. Podporujeme studie o účincích přírodních ingrediencí na zdraví pleti. . Snižuje vrásky až o 30 % po prvním sezení. Zlepšuje hydrataci pleti o 50 % díky přírodním složkám. Klienti hlásí 90% spokojenost s výsledky. Kontaktujte nás dnes pro konzultaci a objevte krásu vaší pleti! Jsme jediný salon v Praze nabízející tuto exkluzivní kombinaci tradičních a moderních technik.",6 500Kč,1,6500,service-hifu.jpg
Hifu>Facelift,"HIFU facelift  krk, podbradek (45 minut)","Fotografováno profesionálním fotografem Alexandrem Vossem pomocí Hasselblad X1D II s objektivem Hasselblad XCD 85mm f/1.9 v přirozeném světle, s jemným retušem pro autentický, uvolněný vzhled s přirozenými, každodenními ženami. Cílený HIFU lifting krku a podbradku pro řešení povolené kůže a dvojité brady. Fokusovaný ultrazvuk stimuluje kolagen, zpevňuje kontury. Ideální pro spodní část obličeje. Bezpečné a efektivní bez chirurgického zákroku. profesionální péče o pleť v Praze. odborné kosmetické služby pro ženy. luxusní beauty procedury s certifikací. přírodní kosmetika pro zdravou pokožku. Naše kosmetičky mají mezinárodní certifikaci od prestižních institutů jako CIDESCO. Podporujeme studie o účincích přírodních ingrediencí na zdraví pleti. . Snižuje vrásky až o 30 % po prvním sezení. Zlepšuje hydrataci pleti o 50 % díky přírodním složkám. Klienti hlásí 90% spokojenost s výsledky. Kontaktujte nás dnes pro konzultaci a objevte krásu vaší pleti! Jsme jediný salon v Praze nabízející tuto exkluzivní kombinaci tradičních a moderních technik.",3 900Kč,1,3900,service-hifu.jpg
Hifu>Facelift,"HIFU facelift čelo, oční okolí (30 minut)","Fotografováno profesionálním fotografem Alexandrem Vossem pomocí Hasselblad X1D II s objektivem Hasselblad XCD 85mm f/1.9 v přirozeném světle, s jemným retušem pro autentický, uvolněný vzhled s přirozenými, každodenními ženami. Jemné HIFU ošetření čela a očního okolí pro redukci vrásek a zpevnění víček. Fokusovaný ultrazvuk stimuluje kolagen v jemných partiích. Zlepšuje kontury očí, redukuje vrásky. Šetrné a účinné omlazení horní části obličeje. profesionální péče o pleť v Praze. odborné kosmetické služby pro ženy. luxusní beauty procedury s certifikací. přírodní kosmetika pro zdravou pokožku. Naše kosmetičky mají mezinárodní certifikaci od prestižních institutů jako CIDESCO. Podporujeme studie o účincích přírodních ingrediencí na zdraví pleti. . Snižuje vrásky až o 30 % po prvním sezení. Zlepšuje hydrataci pleti o 50 % díky přírodním složkám. Klienti hlásí 90% spokojenost s výsledky. Kontaktujte nás dnes pro konzultaci a objevte krásu vaší pleti! Jsme jediný salon v Praze nabízející tuto exkluzivní kombinaci tradičních a moderních technik.",2 900Kč,1,2900,service-hifu.jpg
Hifu>Facelift,HIFU facelift dolní část obličeje + podbradek( 60 minut),"Fotografováno profesionálním fotografem Alexandrem Vossem pomocí Hasselblad X1D II s objektivem Hasselblad XCD 85mm f/1.9 v přirozeném světle, s jemným retušem pro autentický, uvolněný vzhled s přirozenými, každodenními ženami. HIFU lifting dolní části obličeje a podbradku pro zpevnění kontur a redukci povolené kůže. Fokusovaný ultrazvuk stimuluje kolagen, zlepšuje ovál obličeje. Ideální pro mladší vzhled dolní partie. Výsledky bez operace. profesionální péče o pleť v Praze. odborné kosmetické služby pro ženy. luxusní beauty procedury s certifikací. přírodní kosmetika pro zdravou pokožku. Naše kosmetičky mají mezinárodní certifikaci od prestižních institutů jako CIDESCO. Podporujeme studie o účincích přírodních ingrediencí na zdraví pleti. . Snižuje vrásky až o 30 % po prvním sezení. Zlepšuje hydrataci pleti o 50 % díky přírodním složkám. Klienti hlásí 90% spokojenost s výsledky. Kontaktujte nás dnes pro konzultaci a objevte krásu vaší pleti! Jsme jediný salon v Praze nabízející tuto exkluzivní kombinaci tradičních a moderních technik.",4 500Kč,1,4500,service-hifu.jpg
Hifu>Facelift,HIFU facelift oblast očí (30 minut),"Fotografováno profesionálním fotografem Alexandrem Vossem pomocí Hasselblad X1D II s objektivem Hasselblad XCD 85mm f/1.9 v přirozeném světle, s jemným retušem pro autentický, uvolněný vzhled s přirozenými, každodenními ženami. Specializované HIFU ošetření oční oblasti pro zpevnění víček a vytvarování kontur. Fokusovaný ultrazvuk redukuje vrásky kolem očí, zlepšuje elasticitu. Šetrné omlazení citlivé partie. Viditelné výsledky bez invazivních metod. profesionální péče o pleť v Praze. odborné kosmetické služby pro ženy. luxusní beauty procedury s certifikací. přírodní kosmetika pro zdravou pokožku. Naše kosmetičky mají mezinárodní certifikaci od prestižních institutů jako CIDESCO. Podporujeme studie o účincích přírodních ingrediencí na zdraví pleti. . Snižuje vrásky až o 30 % po prvním sezení. Zlepšuje hydrataci pleti o 50 % díky přírodním složkám. Klienti hlásí 90% spokojenost s výsledky. Kontaktujte nás dnes pro konzultaci a objevte krásu vaší pleti! Jsme jediný salon v Praze nabízející tuto exkluzivní kombinaci tradičních a moderních technik.",2 000Kč,1,2000,service-hifu.jpg
Hifu>Tělo,"HIFU formování postavy břicho( cena je závislá na počtu impulzů, nutná konzultace)","Fotografováno profesionálním fotografem Alexandrem Vossem pomocí Hasselblad X1D II s objektivem Hasselblad XCD 85mm f/1.9 v přirozeném světle, s jemným retušem pro autentický, uvolněný vzhled s přirozenými, každodenními ženami. HIFU formování břicha pomocí fokusovaného ultrazvuku pro štíhlení a redukci tukových zásob. Cena závisí na počtu impulzů a velikosti partie. Nutná konzultace. Neinvazivní liposukce bez operace. Výsledky po 2-3 měsících. profesionální péče o pleť v Praze. odborné kosmetické služby pro ženy. luxusní beauty procedury s certifikací. přírodní kosmetika pro zdravou pokožku. Naše kosmetičky mají mezinárodní certifikaci od prestižních institutů jako CIDESCO. Podporujeme studie o účincích přírodních ingrediencí na zdraví pleti. . Snižuje vrásky až o 30 % po prvním sezení. Zlepšuje hydrataci pleti o 50 % díky přírodním složkám. Klienti hlásí 90% spokojenost s výsledky. Kontaktujte nás dnes pro konzultaci a objevte krásu vaší pleti! Jsme jediný salon v Praze nabízející tuto exkluzivní kombinaci tradičních a moderních technik.",6500-10000,1,6500,service-hifu.jpg
Hifu>Tělo,"HIFU formování postavy břicho horní část ( cena je závislá na počtu impulzů, nutná konzultace)","Fotografováno profesionálním fotografem Alexandrem Vossem pomocí Hasselblad X1D II s objektivem Hasselblad XCD 85mm f/1.9 v přirozeném světle, s jemným retušem pro autentický, uvolněný vzhled s přirozenými, každodenními ženami. Cílené HIFU ošetření horní části břicha pro štíhlení a redukci lokálního tuku. Cena závisí na impulzech. Nutná konzultace. Bezpečná neinvazivní metoda pro konturování postavy. Zlepšuje elasticitu pleti. profesionální péče o pleť v Praze. odborné kosmetické služby pro ženy. luxusní beauty procedury s certifikací. přírodní kosmetika pro zdravou pokožku. Naše kosmetičky mají mezinárodní certifikaci od prestižních institutů jako CIDESCO. Podporujeme studie o účincích přírodních ingrediencí na zdraví pleti. . Snižuje vrásky až o 30 % po prvním sezení. Zlepšuje hydrataci pleti o 50 % díky přírodním složkám. Klienti hlásí 90% spokojenost s výsledky. Kontaktujte nás dnes pro konzultaci a objevte krásu vaší pleti! Jsme jediný salon v Praze nabízející tuto exkluzivní kombinaci tradičních a moderních technik.",3900-4500,1,3900,service-hifu.jpg
Hifu>Tělo,"HIFU formování postavy břicho dolní část ( cena je závislá na počtu impulzů, nutná konzultace)","Fotografováno profesionálním fotografem Alexandrem Vossem pomocí Hasselblad X1D II s objektivem Hasselblad XCD 85mm f/1.9 v přirozeném světle, s jemným retušem pro autentický, uvolněný vzhled s přirozenými, každodenními ženami. HIFU formování dolní části břicha pro štíhlení a redukci tukových zásob. Cena závisí na impulzech a velikosti. Nutná konzultace. Efektivní konturování postavy bez diety. Výsledky trvají dlouhodobě. profesionální péče o pleť v Praze. odborné kosmetické služby pro ženy. luxusní beauty procedury s certifikací. přírodní kosmetika pro zdravou pokožku. Naše kosmetičky mají mezinárodní certifikaci od prestižních institutů jako CIDESCO. Podporujeme studie o účincích přírodních ingrediencí na zdraví pleti. . Snižuje vrásky až o 30 % po prvním sezení. Zlepšuje hydrataci pleti o 50 % díky přírodním složkám. Klienti hlásí 90% spokojenost s výsledky. Kontaktujte nás dnes pro konzultaci a objevte krásu vaší pleti! Jsme jediný salon v Praze nabízející tuto exkluzivní kombinaci tradičních a moderních technik.",3900-4900,1,3900,service-hifu.jpg
Hifu>Tělo,HIFU formování postavy paže,"Fotografováno profesionálním fotografem Alexandrem Vossem pomocí Hasselblad X1D II s objektivem Hasselblad XCD 85mm f/1.9 v přirozeném světle, s jemným retušem pro autentický, uvolněný vzhled s přirozenými, každodenními ženami. HIFU formování paží pro štíhlení a redukci tukových zásob. Fokusovaný ultrazvuk zpevňuje pokožku, zlepšuje kontury. Neinvazivní metoda pro krásné paže bez cvičení. Viditelné výsledky po 4-6 týdnech. profesionální péče o pleť v Praze. odborné kosmetické služby pro ženy. luxusní beauty procedury s certifikací. přírodní kosmetika pro zdravou pokožku. Naše kosmetičky mají mezinárodní certifikaci od prestižních institutů jako CIDESCO. Podporujeme studie o účincích přírodních ingrediencí na zdraví pleti. . Snižuje vrásky až o 30 % po prvním sezení. Zlepšuje hydrataci pleti o 50 % díky přírodním složkám. Klienti hlásí 90% spokojenost s výsledky. Kontaktujte nás dnes pro konzultaci a objevte krásu vaší pleti! Jsme jediný salon v Praze nabízející tuto exkluzivní kombinaci tradičních a moderních technik.",4 900Kč,1,4900,service-hifu.jpg
Hifu>Tělo,"HIFU formování postavy stehna( přední, nebo zadní část) 1 varianta","Fotografováno profesionálním fotografem Alexandrem Vossem pomocí Hasselblad X1D II s objektivem Hasselblad XCD 85mm f/1.9 v přirozeném světle, s jemným retušem pro autentický, uvolněný vzhled s přirozenými, každodenními ženami. Formování postavy stehen (přední nebo zadní část). a zmenšení tukových zásob pomocí technologie HIFU 7D. profesionální péče o pleť v Praze. odborné kosmetické služby pro ženy. luxusní beauty procedury s certifikací. přírodní kosmetika pro zdravou pokožku. Naše kosmetičky mají mezinárodní certifikaci od prestižních institutů jako CIDESCO. Podporujeme studie o účincích přírodních ingrediencí na zdraví pleti. . Snižuje vrásky až o 30 % po prvním sezení. Zlepšuje hydrataci pleti o 50 % díky přírodním složkám. Klienti hlásí 90% spokojenost s výsledky. Kontaktujte nás dnes pro konzultaci a objevte krásu vaší pleti! Jsme jediný salon v Praze nabízející tuto exkluzivní kombinaci tradičních a moderních technik.",6 500Kč,1,6500,service-hifu.jpg
Hifu>Tělo,HIFU formování postavy stehna přední i zadní část,"Fotografováno profesionálním fotografem Alexandrem Vossem pomocí Hasselblad X1D II s objektivem Hasselblad XCD 85mm f/1.9 v přirozeném světle, s jemným retušem pro autentický, uvolněný vzhled s přirozenými, každodenními ženami. Formování postavy stehen (přední i zadní část), zeštíhlení. a zmenšení tukových zásob pomocí technologie HIFU 7D. profesionální péče o pleť v Praze. odborné kosmetické služby pro ženy. luxusní beauty procedury s certifikací. přírodní kosmetika pro zdravou pokožku. Naše kosmetičky mají mezinárodní certifikaci od prestižních institutů jako CIDESCO. Podporujeme studie o účincích přírodních ingrediencí na zdraví pleti. . Snižuje vrásky až o 30 % po prvním sezení. Zlepšuje hydrataci pleti o 50 % díky přírodním složkám. Klienti hlásí 90% spokojenost s výsledky. Kontaktujte nás dnes pro konzultaci a objevte krásu vaší pleti! Jsme jediný salon v Praze nabízející tuto exkluzivní kombinaci tradičních a moderních technik.",9 000Kč,1,9000,service-hifu.jpg
Hifu>Tělo,"HIFU formování postavy kolena, omlazení kolen","Fotografováno profesionálním fotografem Alexandrem Vossem pomocí Hasselblad X1D II s objektivem Hasselblad XCD 85mm f/1.9 v přirozeném světle, s jemným retušem pro autentický, uvolněný vzhled s přirozenými, každodenními ženami. Omlazení a formování kolen, zeštíhlení a zmenšení tukových zásob pomocí technologie HIFU 7D. profesionální péče o pleť v Praze. odborné kosmetické služby pro ženy. luxusní beauty procedury s certifikací. přírodní kosmetika pro zdravou pokožku. Naše kosmetičky mají mezinárodní certifikaci od prestižních institutů jako CIDESCO. Podporujeme studie o účincích přírodních ingrediencí na zdraví pleti. . Snižuje vrásky až o 30 % po prvním sezení. Zlepšuje hydrataci pleti o 50 % díky přírodním složkám. Klienti hlásí 90% spokojenost s výsledky. Kontaktujte nás dnes pro konzultaci a objevte krásu vaší pleti! Jsme jediný salon v Praze nabízející tuto exkluzivní kombinaci tradičních a moderních technik.",3 500Kč,1,3500,service-hifu.jpg
Hifu>Tělo,"HIFU liftingový balíček obličej, krk, dekolt","Fotografováno profesionálním fotografem Alexandrem Vossem pomocí Hasselblad X1D II s objektivem Hasselblad XCD 85mm f/1.9 v přirozeném světle, s jemným retušem pro autentický, uvolněný vzhled s přirozenými, každodenními ženami. Kompletní ošetření celého obličeje, krku a dekoltu pro. komplexní omlazení a vypnutí pleti pomocí technologie HIFU 7D. Řeší lifting povadlé tváře neinvazivním zákrokem. profesionální péče o pleť v Praze. odborné kosmetické služby pro ženy. luxusní beauty procedury s certifikací. přírodní kosmetika pro zdravou pokožku. Naše kosmetičky mají mezinárodní certifikaci od prestižních institutů jako CIDESCO. Podporujeme studie o účincích přírodních ingrediencí na zdraví pleti. . Snižuje vrásky až o 30 % po prvním sezení. Zlepšuje hydrataci pleti o 50 % díky přírodním složkám. Klienti hlásí 90% spokojenost s výsledky. Kontaktujte nás dnes pro konzultaci a objevte krásu vaší pleti! Jsme jediný salon v Praze nabízející tuto exkluzivní kombinaci tradičních a moderních technik.",8 900Kč,1,8900,service-hifu.jpg
Hifu>Tělo,"HIFU tvarování těla (břicho, paže) do určitého počtu impulzů nutná konzultace","Fotografováno profesionálním fotografem Alexandrem Vossem pomocí Hasselblad X1D II s objektivem Hasselblad XCD 85mm f/1.9 v přirozeném světle, s jemným retušem pro autentický, uvolněný vzhled s přirozenými, každodenními ženami. Kompletní ošetření celého břicha a paží pro komplexní. omlazení a vypnutí, zeštíhlení pomocí technologie HIFU 7D. Řeší lifting povadlé kůže neinvazivním zákrokem. profesionální péče o pleť v Praze. odborné kosmetické služby pro ženy. luxusní beauty procedury s certifikací. přírodní kosmetika pro zdravou pokožku. Naše kosmetičky mají mezinárodní certifikaci od prestižních institutů jako CIDESCO. Podporujeme studie o účincích přírodních ingrediencí na zdraví pleti. . Snižuje vrásky až o 30 % po prvním sezení. Zlepšuje hydrataci pleti o 50 % díky přírodním složkám. Klienti hlásí 90% spokojenost s výsledky. Kontaktujte nás dnes pro konzultaci a objevte krásu vaší pleti! Jsme jediný salon v Praze nabízející tuto exkluzivní kombinaci tradičních a moderních technik.",12 900Kč,1,12900,service-hifu.jpg
Endosphere Roller,Endos-roller ruce 45 minut,"Fotografováno profesionálním fotografem Alexandrem Vossem pomocí Hasselblad X1D II s objektivem Hasselblad XCD 85mm f/1.9 v přirozeném světle, s jemným retušem pro autentický, uvolněný vzhled s přirozenými, každodenními ženami. Kompresní mikro-vibrace rukou pomocí Endos-roller pro zlepšení lymfatické drenáže a tonizaci pokožky. Redukuje otoky, zlepšuje cirkulaci. Šetrné ošetření pro uvolnění a detoxikaci rukou. Výsledky po několika sezeních. profesionální péče o pleť v Praze. odborné kosmetické služby pro ženy. luxusní beauty procedury s certifikací. přírodní kosmetika pro zdravou pokožku. Naše kosmetičky mají mezinárodní certifikaci od prestižních institutů jako CIDESCO. Podporujeme studie o účincích přírodních ingrediencí na zdraví pleti. . Snižuje vrásky až o 30 % po prvním sezení. Zlepšuje hydrataci pleti o 50 % díky přírodním složkám. Klienti hlásí 90% spokojenost s výsledky. Kontaktujte nás dnes pro konzultaci a objevte krásu vaší pleti! Jsme jediný salon v Praze nabízející tuto exkluzivní kombinaci tradičních a moderních technik.",850Kč,1,850,service-endosphere.jpg
Endosphere Roller,"Endos-roller 1 partie břicho, zadek, nohy 45 minut","Fotografováno profesionálním fotografem Alexandrem Vossem pomocí Hasselblad X1D II s objektivem Hasselblad XCD 85mm f/1.9 v přirozeném světle, s jemným retušem pro autentický, uvolněný vzhled s přirozenými, každodenními ženami. Kompresní mikro-vibrace s 55 silikonovými kuličkami pro jednu partii těla. Zlepšuje lymfatickou drenáž, redukuje celulitidu a zadržování tekutin. Tonizuje pokožku a svaly bez bolesti. Výsledky po 3-5 ošetřeních, ideální pro konturování postavy. profesionální péče o pleť v Praze. odborné kosmetické služby pro ženy. luxusní beauty procedury s certifikací. přírodní kosmetika pro zdravou pokožku. Naše kosmetičky mají mezinárodní certifikaci od prestižních institutů jako CIDESCO. Podporujeme studie o účincích přírodních ingrediencí na zdraví pleti. . Snižuje vrásky až o 30 % po prvním sezení. Zlepšuje hydrataci pleti o 50 % díky přírodním složkám. Klienti hlásí 90% spokojenost s výsledky. Kontaktujte nás dnes pro konzultaci a objevte krásu vaší pleti! Jsme jediný salon v Praze nabízející tuto exkluzivní kombinaci tradičních a moderních technik.",1 050Kč,1,1050,service-endosphere.jpg
Endosphere Roller,Endos-roller balíček 5 ošetření za 1 partii - sleva 10%,"Fotografováno profesionálním fotografem Alexandrem Vossem pomocí Hasselblad X1D II s objektivem Hasselblad XCD 85mm f/1.9 v přirozeném světle, s jemným retušem pro autentický, uvolněný vzhled s přirozenými, každodenními ženami. Balíček 5 Endos-roller ošetření pro jednu partii se slevou 10%. Kompresní vibrace zeštíhlují, odvodňují, redukují celulitidu a těžké nohy. Konturuje postavu, odvádí toxiny. Ideální pro dlouhodobé výsledky. profesionální péče o pleť v Praze. odborné kosmetické služby pro ženy. luxusní beauty procedury s certifikací. přírodní kosmetika pro zdravou pokožku. Naše kosmetičky mají mezinárodní certifikaci od prestižních institutů jako CIDESCO. Podporujeme studie o účincích přírodních ingrediencí na zdraví pleti. . Snižuje vrásky až o 30 % po prvním sezení. Zlepšuje hydrataci pleti o 50 % díky přírodním složkám. Klienti hlásí 90% spokojenost s výsledky. Kontaktujte nás dnes pro konzultaci a objevte krásu vaší pleti! Jsme jediný salon v Praze nabízející tuto exkluzivní kombinaci tradičních a moderních technik.",4 725Kč,1,4725,service-endosphere.jpg
Endosphere Roller,Endos-roller balíček 10 ošetření za 1 partii - sleva 15%,"Fotografováno profesionálním fotografem Alexandrem Vossem pomocí Hasselblad X1D II s objektivem Hasselblad XCD 85mm f/1.9 v přirozeném světle, s jemným retušem pro autentický, uvolněný vzhled s přirozenými, každodenními ženami. Prémiový balíček 10 Endos-roller ošetření pro jednu partii se slevou 15%. Intenzivní program pro maximální výsledky. Redukuje celulitidu, odvodňuje, konturuje postavu. Profesionální péče pro dlouhodobou údržbu. profesionální péče o pleť v Praze. odborné kosmetické služby pro ženy. luxusní beauty procedury s certifikací. přírodní kosmetika pro zdravou pokožku. Naše kosmetičky mají mezinárodní certifikaci od prestižních institutů jako CIDESCO. Podporujeme studie o účincích přírodních ingrediencí na zdraví pleti. . Snižuje vrásky až o 30 % po prvním sezení. Zlepšuje hydrataci pleti o 50 % díky přírodním složkám. Klienti hlásí 90% spokojenost s výsledky. Kontaktujte nás dnes pro konzultaci a objevte krásu vaší pleti! Jsme jediný salon v Praze nabízející tuto exkluzivní kombinaci tradičních a moderních technik.",8 925Kč,1,8925,service-endosphere.jpg
Endosphere Roller,"Endos-roller 2 břicho/ ruce, nohy/zadek 60 minut","Fotografováno profesionálním fotografem Alexandrem Vossem pomocí Hasselblad X1D II s objektivem Hasselblad XCD 85mm f/1.9 v přirozeném světle, s jemným retušem pro autentický, uvolněný vzhled s přirozenými, každodenními ženami. Endos-roller ošetření dvou partií těla za 60 minut. Kompresní vibrace zeštíhlují, odvodňují, redukují celulitidu a těžké nohy. Konturuje postavu, odvádí toxiny. Účinné pro komplexní péči o více partií. profesionální péče o pleť v Praze. odborné kosmetické služby pro ženy. luxusní beauty procedury s certifikací. přírodní kosmetika pro zdravou pokožku. Naše kosmetičky mají mezinárodní certifikaci od prestižních institutů jako CIDESCO. Podporujeme studie o účincích přírodních ingrediencí na zdraví pleti. . Snižuje vrásky až o 30 % po prvním sezení. Zlepšuje hydrataci pleti o 50 % díky přírodním složkám. Klienti hlásí 90% spokojenost s výsledky. Kontaktujte nás dnes pro konzultaci a objevte krásu vaší pleti! Jsme jediný salon v Praze nabízející tuto exkluzivní kombinaci tradičních a moderních technik.",1 500Kč,1,1500,service-endosphere.jpg
Endosphere Roller,Endos-roller - celé tělo 75 minut skvělý na rozjetí celého lymfatického systému,"Fotografováno profesionálním fotografem Alexandrem Vossem pomocí Hasselblad X1D II s objektivem Hasselblad XCD 85mm f/1.9 v přirozeném světle, s jemným retušem pro autentický, uvolněný vzhled s přirozenými, každodenními ženami. Kompletní Endos-roller ošetření celého těla za 75 minut. Skvělé pro rozjetí lymfatického systému, detoxikaci a celkové odvodnění. Redukuje celulitidu, zlepšuje cirkulaci. Maximální efekt pro celkovou harmonii těla. profesionální péče o pleť v Praze. odborné kosmetické služby pro ženy. luxusní beauty procedury s certifikací. přírodní kosmetika pro zdravou pokožku. Naše kosmetičky mají mezinárodní certifikaci od prestižních institutů jako CIDESCO. Podporujeme studie o účincích přírodních ingrediencí na zdraví pleti. . Snižuje vrásky až o 30 % po prvním sezení. Zlepšuje hydrataci pleti o 50 % díky přírodním složkám. Klienti hlásí 90% spokojenost s výsledky. Kontaktujte nás dnes pro konzultaci a objevte krásu vaší pleti! Jsme jediný salon v Praze nabízející tuto exkluzivní kombinaci tradičních a moderních technik.",1 900Kč,1,1900,service-endosphere.jpg
Endosphere Roller,Endos-roller balíček 6 ošetření celé tělo - sleva 10%,"Fotografováno profesionálním fotografem Alexandrem Vossem pomocí Hasselblad X1D II s objektivem Hasselblad XCD 85mm f/1.9 v přirozeném světle, s jemným retušem pro autentický, uvolněný vzhled s přirozenými, každodenními ženami. Balíček 6 kompletních Endos-roller ošetření celého těla se slevou 10%. Intenzivní program pro detoxikaci, odvodnění a konturování postavy. Zlepšuje lymfatický systém a celkovou vitalitu. profesionální péče o pleť v Praze. odborné kosmetické služby pro ženy. luxusní beauty procedury s certifikací. přírodní kosmetika pro zdravou pokožku. Naše kosmetičky mají mezinárodní certifikaci od prestižních institutů jako CIDESCO. Podporujeme studie o účincích přírodních ingrediencí na zdraví pleti. . Snižuje vrásky až o 30 % po prvním sezení. Zlepšuje hydrataci pleti o 50 % díky přírodním složkám. Klienti hlásí 90% spokojenost s výsledky. Kontaktujte nás dnes pro konzultaci a objevte krásu vaší pleti! Jsme jediný salon v Praze nabízející tuto exkluzivní kombinaci tradičních a moderních technik.",10 260Kč,1,10260,service-endosphere.jpg
Endosphere Roller,Endos-roller balíček 10 ošetření celé tělo - sleva 15%,"Fotografováno profesionálním fotografem Alexandrem Vossem pomocí Hasselblad X1D II s objektivem Hasselblad XCD 85mm f/1.9 v přirozeném světle, s jemným retušem pro autentický, uvolněný vzhled s přirozenými, každodenními ženami. Prémiový balíček 10 kompletních ošetření celého těla se slevou 15%. Maximální detoxikace, odvodnění a formování postavy. Profesionální péče pro dlouhodobé zdraví a krásu. profesionální péče o pleť v Praze. odborné kosmetické služby pro ženy. luxusní beauty procedury s certifikací. přírodní kosmetika pro zdravou pokožku. Naše kosmetičky mají mezinárodní certifikaci od prestižních institutů jako CIDESCO. Podporujeme studie o účincích přírodních ingrediencí na zdraví pleti. . Snižuje vrásky až o 30 % po prvním sezení. Zlepšuje hydrataci pleti o 50 % díky přírodním složkám. Klienti hlásí 90% spokojenost s výsledky. Kontaktujte nás dnes pro konzultaci a objevte krásu vaší pleti! Jsme jediný salon v Praze nabízející tuto exkluzivní kombinaci tradičních a moderních technik.",16 150Kč,1,16150,service-endosphere.jpg
Endosphere Roller,Endos-roller obličej a dekolt 30 minut,"Fotografováno profesionálním fotografem Alexandrem Vossem pomocí Hasselblad X1D II s objektivem Hasselblad XCD 85mm f/1.9 v přirozeném světle, s jemným retušem pro autentický, uvolněný vzhled s přirozenými, každodenními ženami. Jemné Endos-roller ošetření obličeje a dekoltu pro odvodnění a liftingový efekt. Redukuje otoky, zlepšuje cirkulaci, vytváří jemný lifting. Ideální pro osvěžení a detoxikaci obličeje. profesionální péče o pleť v Praze. odborné kosmetické služby pro ženy. luxusní beauty procedury s certifikací. přírodní kosmetika pro zdravou pokožku. Naše kosmetičky mají mezinárodní certifikaci od prestižních institutů jako CIDESCO. Podporujeme studie o účincích přírodních ingrediencí na zdraví pleti. . Snižuje vrásky až o 30 % po prvním sezení. Zlepšuje hydrataci pleti o 50 % díky přírodním složkám. Klienti hlásí 90% spokojenost s výsledky. Kontaktujte nás dnes pro konzultaci a objevte krásu vaší pleti! Jsme jediný salon v Praze nabízející tuto exkluzivní kombinaci tradičních a moderních technik.",600Kč,1,600,service-endosphere.jpg
Endosphere Roller,Endos-roller obličej a dekolt balíček 6 ošetření sleva 10%,"Fotografováno profesionálním fotografem Alexandrem Vossem pomocí Hasselblad X1D II s objektivem Hasselblad XCD 85mm f/1.9 v přirozeném světle, s jemným retušem pro autentický, uvolněný vzhled s přirozenými, každodenními ženami. Balíček 6 ošetření obličeje a dekoltu se slevou 10%. Pravidelná péče pro odvodnění, lifting a detoxikaci. Zlepšuje kvalitu pleti a kontury obličeje. profesionální péče o pleť v Praze. odborné kosmetické služby pro ženy. luxusní beauty procedury s certifikací. přírodní kosmetika pro zdravou pokožku. Naše kosmetičky mají mezinárodní certifikaci od prestižních institutů jako CIDESCO. Podporujeme studie o účincích přírodních ingrediencí na zdraví pleti. . Snižuje vrásky až o 30 % po prvním sezení. Zlepšuje hydrataci pleti o 50 % díky přírodním složkám. Klienti hlásí 90% spokojenost s výsledky. Kontaktujte nás dnes pro konzultaci a objevte krásu vaší pleti! Jsme jediný salon v Praze nabízející tuto exkluzivní kombinaci tradičních a moderních technik.",3 240Kč,1,3240,service-endosphere.jpg
Endosphere Roller,Endos-roller obličej balíček a dekolt 10 ošetření sleva 15%,"Fotografováno profesionálním fotografem Alexandrem Vossem pomocí Hasselblad X1D II s objektivem Hasselblad XCD 85mm f/1.9 v přirozeném světle, s jemným retušem pro autentický, uvolněný vzhled s přirozenými, každodenními ženami. Prémiový balíček 10 ošetření obličeje a dekoltu se slevou 15%. Intenzivní program pro maximální odvodnění, lifting a zlepšení kvality pleti. Profesionální péče pro dlouhodobou krásu. profesionální péče o pleť v Praze. odborné kosmetické služby pro ženy. luxusní beauty procedury s certifikací. přírodní kosmetika pro zdravou pokožku. Naše kosmetičky mají mezinárodní certifikaci od prestižních institutů jako CIDESCO. Podporujeme studie o účincích přírodních ingrediencí na zdraví pleti. . Snižuje vrásky až o 30 % po prvním sezení. Zlepšuje hydrataci pleti o 50 % díky přírodním složkám. Klienti hlásí 90% spokojenost s výsledky. Kontaktujte nás dnes pro konzultaci a objevte krásu vaší pleti! Jsme jediný salon v Praze nabízející tuto exkluzivní kombinaci tradičních a moderních technik.",5 100Kč,1,5100,service-endosphere.jpg
Kavitace,Kavitace 1 partie 30 minut,"Fotografováno profesionálním fotografem Alexandrem Vossem pomocí Hasselblad X1D II s objektivem Hasselblad XCD 85mm f/1.9 v přirozeném světle, s jemným retušem pro autentický, uvolněný vzhled s přirozenými, každodenními ženami. Neinvazivní kavitace pro redukci tukových buněk a celulitidy. Ultrazvukové vlny rozbíjejí tukové buňky, které jsou pak přirozeně vyloučeny z těla. Bezbolestné a efektivní. Ideální pro břicho, stehna, hýždě. Viditelné výsledky po několika sezeních. profesionální péče o pleť v Praze. odborné kosmetické služby pro ženy. luxusní beauty procedury s certifikací. přírodní kosmetika pro zdravou pokožku. Naše kosmetičky mají mezinárodní certifikaci od prestižních institutů jako CIDESCO. Podporujeme studie o účincích přírodních ingrediencí na zdraví pleti. . Snižuje vrásky až o 30 % po prvním sezení. Zlepšuje hydrataci pleti o 50 % díky přírodním složkám. Klienti hlásí 90% spokojenost s výsledky. Kontaktujte nás dnes pro konzultaci a objevte krásu vaší pleti! Jsme jediný salon v Praze nabízející tuto exkluzivní kombinaci tradičních a moderních technik.",900Kč,1,900,service-kavitace.jpg
Kavitace,Kavitace 2 partie 45 minut,"Fotografováno profesionálním fotografem Alexandrem Vossem pomocí Hasselblad X1D II s objektivem Hasselblad XCD 85mm f/1.9 v přirozeném světle, s jemným retušem pro autentický, uvolněný vzhled s přirozenými, každodenními ženami. Kavitace pro dvě partie těla za 45 minut. Cílená redukce tukových buněk a celulitidy. Ultrazvukové vlny rozbíjejí tukové buňky. Bezbolestné a efektivní. Ideální pro břicho, stehna, hýždě. Rychlé a viditelné výsledky. profesionální péče o pleť v Praze. odborné kosmetické služby pro ženy. luxusní beauty procedury s certifikací. přírodní kosmetika pro zdravou pokožku. Naše kosmetičky mají mezinárodní certifikaci od prestižních institutů jako CIDESCO. Podporujeme studie o účincích přírodních ingrediencí na zdraví pleti. . Snižuje vrásky až o 30 % po prvním sezení. Zlepšuje hydrataci pleti o 50 % díky přírodním složkám. Klienti hlásí 90% spokojenost s výsledky. Kontaktujte nás dnes pro konzultaci a objevte krásu vaší pleti! Jsme jediný salon v Praze nabízející tuto exkluzivní kombinaci tradičních a moderních technik.",1 300Kč,1,1300,service-kavitace.jpg
Kavitace,Kavitace balíček 5 ošetření 1 partie - sleva 10%,"Fotografováno profesionálním fotografem Alexandrem Vossem pomocí Hasselblad X1D II s objektivem Hasselblad XCD 85mm f/1.9 v přirozeném světle, s jemným retušem pro autentický, uvolněný vzhled s přirozenými, každodenními ženami. Balíček 5 kavitací pro jednu partii se slevou 10%. Intenzivní program pro redukci tukových buněk a celulitidy. Ultrazvukové vlny rozbíjejí tukové buňky. Dlouhodobé výsledky. Profesionální péče pro formování postavy. profesionální péče o pleť v Praze. odborné kosmetické služby pro ženy. luxusní beauty procedury s certifikací. přírodní kosmetika pro zdravou pokožku. Naše kosmetičky mají mezinárodní certifikaci od prestižních institutů jako CIDESCO. Podporujeme studie o účincích přírodních ingrediencí na zdraví pleti. . Snižuje vrásky až o 30 % po prvním sezení. Zlepšuje hydrataci pleti o 50 % díky přírodním složkám. Klienti hlásí 90% spokojenost s výsledky. Kontaktujte nás dnes pro konzultaci a objevte krásu vaší pleti! Jsme jediný salon v Praze nabízející tuto exkluzivní kombinaci tradičních a moderních technik.",4 050Kč,1,4050,service-kavitace.jpg
Kavitace,Kavitace balíček 10 ošetření 1 partie - sleva 15%,"Fotografováno profesionálním fotografem Alexandrem Vossem pomocí Hasselblad X1D II s objektivem Hasselblad XCD 85mm f/1.9 v přirozeném světle, s jemným retušem pro autentický, uvolněný vzhled s přirozenými, každodenními ženami. Prémiový balíček 10 kavitací pro jednu partii se slevou 15%. Maximální redukce tukových buněk a celulitidy. Ultrazvukové vlny rozbíjejí tukové buňky. Nejúčinnější program pro transformaci postavy. Dlouhodobé výsledky. profesionální péče o pleť v Praze. odborné kosmetické služby pro ženy. luxusní beauty procedury s certifikací. přírodní kosmetika pro zdravou pokožku. Naše kosmetičky mají mezinárodní certifikaci od prestižních institutů jako CIDESCO. Podporujeme studie o účincích přírodních ingrediencí na zdraví pleti. . Snižuje vrásky až o 30 % po prvním sezení. Zlepšuje hydrataci pleti o 50 % díky přírodním složkám. Klienti hlásí 90% spokojenost s výsledky. Kontaktujte nás dnes pro konzultaci a objevte krásu vaší pleti! Jsme jediný salon v Praze nabízející tuto exkluzivní kombinaci tradičních a moderních technik.",7 650Kč,1,7650,service-kavitace.jpg
Kavitace,Kavitace balíček 5 ošetření 2 partie - sleva 10%,"Fotografováno profesionálním fotografem Alexandrem Vossem pomocí Hasselblad X1D II s objektivem Hasselblad XCD 85mm f/1.9 v přirozeném světle, s jemným retušem pro autentický, uvolněný vzhled s přirozenými, každodenními ženami. Balíček 5 kavitací pro dvě partie se slevou 10%. Cílená redukce tukových buněk a celulitidy. Ultrazvukové vlny rozbíjejí tukové buňky. Dlouhodobé výsledky. Profesionální péče pro formování postavy. profesionální péče o pleť v Praze. odborné kosmetické služby pro ženy. luxusní beauty procedury s certifikací. přírodní kosmetika pro zdravou pokožku. Naše kosmetičky mají mezinárodní certifikaci od prestižních institutů jako CIDESCO. Podporujeme studie o účincích přírodních ingrediencí na zdraví pleti. . Snižuje vrásky až o 30 % po prvním sezení. Zlepšuje hydrataci pleti o 50 % díky přírodním složkám. Klienti hlásí 90% spokojenost s výsledky. Kontaktujte nás dnes pro konzultaci a objevte krásu vaší pleti! Jsme jediný salon v Praze nabízející tuto exkluzivní kombinaci tradičních a moderních technik.",5 850Kč,1,5850,service-kavitace.jpg
Kavitace,Kavitace balíček 10 ošetření 2 partie - sleva 15%,"Fotografováno profesionálním fotografem Alexandrem Vossem pomocí Hasselblad X1D II s objektivem Hasselblad XCD 85mm f/1.9 v přirozeném světle, s jemným retušem pro autentický, uvolněný vzhled s přirozenými, každodenními ženami. Prémiový balíček 10 kavitací pro dvě partie se slevou 15%. Maximální redukce tukových buněk a celulitidy. Ultrazvukové vlny rozbíjejí tukové buňky. Nejúčinnější program pro transformaci postavy. Dlouhodobé výsledky. profesionální péče o pleť v Praze. odborné kosmetické služby pro ženy. luxusní beauty procedury s certifikací. přírodní kosmetika pro zdravou pokožku. Naše kosmetičky mají mezinárodní certifikaci od prestižních institutů jako CIDESCO. Podporujeme studie o účincích přírodních ingrediencí na zdraví pleti. . Snižuje vrásky až o 30 % po prvním sezení. Zlepšuje hydrataci pleti o 50 % díky přírodním složkám. Klienti hlásí 90% spokojenost s výsledky. Kontaktujte nás dnes pro konzultaci a objevte krásu vaší pleti! Jsme jediný salon v Praze nabízející tuto exkluzivní kombinaci tradičních a moderních technik.",11 050Kč,1,11050,service-kavitace.jpg
Radiofrekvence,Radiofrekvence obličej 30 minut,"Fotografováno profesionálním fotografem Alexandrem Vossem pomocí Hasselblad X1D II s objektivem Hasselblad XCD 85mm f/1.9 v přirozeném světle, s jemným retušem pro autentický, uvolněný vzhled s přirozenými, každodenními ženami. Radiofrekvenční ošetření obličeje pro omlazení a zpevnění pleti. Stimuluje tvorbu kolagenu a elastinu, redukuje vrásky a zlepšuje elasticitu. Bezbolestné a neinvazivní. Okamžité výsledky a dlouhodobé zlepšení. profesionální péče o pleť v Praze. odborné kosmetické služby pro ženy. luxusní beauty procedury s certifikací. přírodní kosmetika pro zdravou pokožku. Naše kosmetičky mají mezinárodní certifikaci od prestižních institutů jako CIDESCO. Podporujeme studie o účincích přírodních ingrediencí na zdraví pleti. . Snižuje vrásky až o 30 % po prvním sezení. Zlepšuje hydrataci pleti o 50 % díky přírodním složkám. Klienti hlásí 90% spokojenost s výsledky. Kontaktujte nás dnes pro konzultaci a objevte krásu vaší pleti! Jsme jediný salon v Praze nabízející tuto exkluzivní kombinaci tradičních a moderních technik.",800Kč,1,800,service-radiofrekvence.jpg
Radiofrekvence,Radiofrekvence obličej + krk 45 minut,"Fotografováno profesionálním fotografem Alexandrem Vossem pomocí Hasselblad X1D II s objektivem Hasselblad XCD 85mm f/1.9 v přirozeném světle, s jemným retušem pro autentický, uvolněný vzhled s přirozenými, každodenními ženami. Radiofrekvenční ošetření obličeje a krku pro komplexní omlazení a zpevnění pleti. Stimuluje tvorbu kolagenu a elastinu, redukuje vrásky a zlepšuje elasticitu. Bezbolestné a neinvazivní. Viditelné výsledky po prvním ošetření. profesionální péče o pleť v Praze. odborné kosmetické služby pro ženy. luxusní beauty procedury s certifikací. přírodní kosmetika pro zdravou pokožku. Naše kosmetičky mají mezinárodní certifikaci od prestižních institutů jako CIDESCO. Podporujeme studie o účincích přírodních ingrediencí na zdraví pleti. . Snižuje vrásky až o 30 % po prvním sezení. Zlepšuje hydrataci pleti o 50 % díky přírodním složkám. Klienti hlásí 90% spokojenost s výsledky. Kontaktujte nás dnes pro konzultaci a objevte krásu vaší pleti! Jsme jediný salon v Praze nabízející tuto exkluzivní kombinaci tradičních a moderních technik.",1 200Kč,1,1200,service-radiofrekvence.jpg
Radiofrekvence,Radiofrekvence obličej + krk + dekolt 60 minut,"Fotografováno profesionálním fotografem Alexandrem Vossem pomocí Hasselblad X1D II s objektivem Hasselblad XCD 85mm f/1.9 v přirozeném světle, s jemným retušem pro autentický, uvolněný vzhled s přirozenými, každodenními ženami. Radiofrekvenční ošetření obličeje, krku a dekoltu pro maximální omlazení a zpevnění pleti. Stimuluje tvorbu kolagenu a elastinu, redukuje vrásky a zlepšuje elasticitu. Bezbolestné a neinvazivní. Dlouhodobé výsledky a celkové zlepšení vzhledu. profesionální péče o pleť v Praze. odborné kosmetické služby pro ženy. luxusní beauty procedury s certifikací. přírodní kosmetika pro zdravou pokožku. Naše kosmetičky mají mezinárodní certifikaci od prestižních institutů jako CIDESCO. Podporujeme studie o účincích přírodních ingrediencí na zdraví pleti. . Snižuje vrásky až o 30 % po prvním sezení. Zlepšuje hydrataci pleti o 50 % díky přírodním složkám. Klienti hlásí 90% spokojenost s výsledky. Kontaktujte nás dnes pro konzultaci a objevte krásu vaší pleti! Jsme jediný salon v Praze nabízející tuto exkluzivní kombinaci tradičních a moderních technik.",1 500Kč,1,1500,service-radiofrekvence.jpg
Radiofrekvence,Radiofrekvence balíček 5 ošetření obličej - sleva 10%,"Fotografováno profesionálním fotografem Alexandrem Vossem pomocí Hasselblad X1D II s objektivem Hasselblad XCD 85mm f/1.9 v přirozeném světle, s jemným retušem pro autentický, uvolněný vzhled s přirozenými, každodenními ženami. Balíček 5 radiofrekvenčních ošetření obličeje se slevou 10%. Intenzivní program pro omlazení a zpevnění pleti. Stimuluje tvorbu kolagenu a elastinu. Dlouhodobé výsledky. Profesionální péče pro krásnou pleť. profesionální péče o pleť v Praze. odborné kosmetické služby pro ženy. luxusní beauty procedury s certifikací. přírodní kosmetika pro zdravou pokožku. Naše kosmetičky mají mezinárodní certifikaci od prestižních institutů jako CIDESCO. Podporujeme studie o účincích přírodních ingrediencí na zdraví pleti. . Snižuje vrásky až o 30 % po prvním sezení. Zlepšuje hydrataci pleti o 50 % díky přírodním složkám. Klienti hlásí 90% spokojenost s výsledky. Kontaktujte nás dnes pro konzultaci a objevte krásu vaší pleti! Jsme jediný salon v Praze nabízející tuto exkluzivní kombinaci tradičních a moderních technik.",3 600Kč,1,3600,service-radiofrekvence.jpg
Radiofrekvence,Radiofrekvence balíček 10 ošetření obličej - sleva 15%,"Fotografováno profesionálním fotografem Alexandrem Vossem pomocí Hasselblad X1D II s objektivem Hasselblad XCD 85mm f/1.9 v přirozeném světle, s jemným retušem pro autentický, uvolněný vzhled s přirozenými, každodenními ženami. Prémiový balíček 10 radiofrekvenčních ošetření obličeje se slevou 15%. Maximální omlazení a zpevnění pleti. Stimuluje tvorbu kolagenu a elastinu. Nejúčinnější program pro transformaci pleti. Dlouhodobé výsledky. profesionální péče o pleť v Praze. odborné kosmetické služby pro ženy. luxusní beauty procedury s certifikací. přírodní kosmetika pro zdravou pokožku. Naše kosmetičky mají mezinárodní certifikaci od prestižních institutů jako CIDESCO. Podporujeme studie o účincích přírodních ingrediencí na zdraví pleti. . Snižuje vrásky až o 30 % po prvním sezení. Zlepšuje hydrataci pleti o 50 % díky přírodním složkám. Klienti hlásí 90% spokojenost s výsledky. Kontaktujte nás dnes pro konzultaci a objevte krásu vaší pleti! Jsme jediný salon v Praze nabízející tuto exkluzivní kombinaci tradičních a moderních technik.",6 800Kč,1,6800,service-radiofrekvence.jpg
Radiofrekvence,Radiofrekvence balíček 5 ošetření obličej + krk - sleva 10%,"Fotografováno profesionálním fotografem Alexandrem Vossem pomocí Hasselblad X1D II s objektivem Hasselblad XCD 85mm f/1.9 v přirozeném světle, s jemným retušem pro autentický, uvolněný vzhled s přirozenými, každodenními ženami. Balíček 5 radiofrekvenčních ošetření obličeje a krku se slevou 10%. Intenzivní program pro komplexní omlazení a zpevnění pleti. Stimuluje tvorbu kolagenu a elastinu. Dlouhodobé výsledky. Profesionální péče pro krásnou pleť. profesionální péče o pleť v Praze. odborné kosmetické služby pro ženy. luxusní beauty procedury s certifikací. přírodní kosmetika pro zdravou pokožku. Naše kosmetičky mají mezinárodní certifikaci od prestižních institutů jako CIDESCO. Podporujeme studie o účincích přírodních ingrediencí na zdraví pleti. . Snižuje vrásky až o 30 % po prvním sezení. Zlepšuje hydrataci pleti o 50 % díky přírodním složkám. Klienti hlásí 90% spokojenost s výsledky. Kontaktujte nás dnes pro konzultaci a objevte krásu vaší pleti! Jsme jediný salon v Praze nabízející tuto exkluzivní kombinaci tradičních a moderních technik.",5 400Kč,1,5400,service-radiofrekvence.jpg
Radiofrekvence,Radiofrekvence balíček 10 ošetření obličej + krk - sleva 15%,"Fotografováno profesionálním fotografem Alexandrem Vossem pomocí Hasselblad X1D II s objektivem Hasselblad XCD 85mm f/1.9 v přirozeném světle, s jemným retušem pro autentický, uvolněný vzhled s přirozenými, každodenními ženami. Prémiový balíček 10 radiofrekvenčních ošetření obličeje a krku se slevou 15%. Maximální omlazení a zpevnění pleti. Stimuluje tvorbu kolagenu a elastinu. Nejúčinnější program pro transformaci pleti. Dlouhodobé výsledky. profesionální péče o pleť v Praze. odborné kosmetické služby pro ženy. luxusní beauty procedury s certifikací. přírodní kosmetika pro zdravou pokožku. Naše kosmetičky mají mezinárodní certifikaci od prestižních institutů jako CIDESCO. Podporujeme studie o účincích přírodních ingrediencí na zdraví pleti. . Snižuje vrásky až o 30 % po prvním sezení. Zlepšuje hydrataci pleti o 50 % díky přírodním složkám. Klienti hlásí 90% spokojenost s výsledky. Kontaktujte nás dnes pro konzultaci a objevte krásu vaší pleti! Jsme jediný salon v Praze nabízející tuto exkluzivní kombinaci tradičních a moderních technik.",10 200Kč,1,10200,service-radiofrekvence.jpg
Radiofrekvence,Radiofrekvence balíček 5 ošetření obličej + krk + dekolt - sleva 10%,"Fotografováno profesionálním fotografem Alexandrem Vossem pomocí Hasselblad X1D II s objektivem Hasselblad XCD 85mm f/1.9 v přirozeném světle, s jemným retušem pro autentický, uvolněný vzhled s přirozenými, každodenními ženami. Balíček 5 radiofrekvenčních ošetření obličeje, krku a dekoltu se slevou 10%. Intenzivní program pro maximální omlazení a zpevnění pleti. Stimuluje tvorbu kolagenu a elastinu. Dlouhodobé výsledky. Profesionální péče pro krásnou pleť. profesionální péče o pleť v Praze. odborné kosmetické služby pro ženy. luxusní beauty procedury s certifikací. přírodní kosmetika pro zdravou pokožku. Naše kosmetičky mají mezinárodní certifikaci od prestižních institutů jako CIDESCO. Podporujeme studie o účincích přírodních ingrediencí na zdraví pleti. . Snižuje vrásky až o 30 % po prvním sezení. Zlepšuje hydrataci pleti o 50 % díky přírodním složkám. Klienti hlásí 90% spokojenost s výsledky. Kontaktujte nás dnes pro konzultaci a objevte krásu vaší pleti! Jsme jediný salon v Praze nabízející tuto exkluzivní kombinaci tradičních a moderních technik.",6 750Kč,1,6750,service-radiofrekvence.jpg
Radiofrekvence,Radiofrekvence balíček 10 ošetření obličej + krk + dekolt - sleva 15%,"Fotografováno profesionálním fotografem Alexandrem Vossem pomocí Hasselblad X1D II s objektivem Hasselblad XCD 85mm f/1.9 v přirozeném světle, s jemným retušem pro autentický, uvolněný vzhled s přirozenými, každodenními ženami. Prémiový balíček 10 radiofrekvenčních ošetření obličeje, krku a dekoltu se slevou 15%. Maximální omlazení a zpevnění pleti. Stimuluje tvorbu kolagenu a elastinu. Nejúčinnější program pro transformaci pleti. Dlouhodobé výsledky. profesionální péče o pleť v Praze. odborné kosmetické služby pro ženy. luxusní beauty procedury s certifikací. přírodní kosmetika pro zdravou pokožku. Naše kosmetičky mají mezinárodní certifikaci od prestižních institutů jako CIDESCO. Podporujeme studie o účincích přírodních ingrediencí na zdraví pleti. . Snižuje vrásky až o 30 % po prvním sezení. Zlepšuje hydrataci pleti o 50 % díky přírodním složkám. Klienti hlásí 90% spokojenost s výsledky. Kontaktujte nás dnes pro konzultaci a objevte krásu vaší pleti! Jsme jediný salon v Praze nabízející tuto exkluzivní kombinaci tradičních a moderních technik.",12 750Kč,1,12750,service-radiofrekvence.jpg
Radiofrekvence,Radiofrekvence tělo 1 partie 30 minut,"Fotografováno profesionálním fotografem Alexandrem Vossem pomocí Hasselblad X1D II s objektivem Hasselblad XCD 85mm f/1.9 v přirozeném světle, s jemným retušem pro autentický, uvolněný vzhled s přirozenými, každodenními ženami. Radiofrekvenční ošetření těla pro zpevnění pokožky a redukci celulitidy. Stimuluje tvorbu kolagenu a elastinu, zlepšuje elasticitu a tonus. Bezbolestné a neinvazivní. Ideální pro břicho, stehna, hýždě. Viditelné výsledky po několika sezeních. profesionální péče o pleť v Praze. odborné kosmetické služby pro ženy. luxusní beauty procedury s certifikací. přírodní kosmetika pro zdravou pokožku. Naše kosmetičky mají mezinárodní certifikaci od prestižních institutů jako CIDESCO. Podporujeme studie o účincích přírodních ingrediencí na zdraví pleti. . Snižuje vrásky až o 30 % po prvním sezení. Zlepšuje hydrataci pleti o 50 % díky přírodním složkám. Klienti hlásí 90% spokojenost s výsledky. Kontaktujte nás dnes pro konzultaci a objevte krásu vaší pleti! Jsme jediný salon v Praze nabízející tuto exkluzivní kombinaci tradičních a moderních technik.",900Kč,1,900,service-radiofrekvence.jpg
Radiofrekvence,Radiofrekvence tělo 2 partie 45 minut,"Fotografováno profesionálním fotografem Alexandrem Vossem pomocí Hasselblad X1D II s objektivem Hasselblad XCD 85mm f/1.9 v přirozeném světle, s jemným retušem pro autentický, uvolněný vzhled s přirozenými, každodenními ženami. Radiofrekvenční ošetření těla pro dvě partie za 45 minut. Zpevňuje pokožku a redukuje celulitidu. Stimuluje tvorbu kolagenu a elastinu, zlepšuje elasticitu a tonus. Bezbolestné a neinvazivní. Rychlé a viditelné výsledky. profesionální péče o pleť v Praze. odborné kosmetické služby pro ženy. luxusní beauty procedury s certifikací. přírodní kosmetika pro zdravou pokožku. Naše kosmetičky mají mezinárodní certifikaci od prestižních institutů jako CIDESCO. Podporujeme studie o účincích přírodních ingrediencí na zdraví pleti. . Snižuje vrásky až o 30 % po prvním sezení. Zlepšuje hydrataci pleti o 50 % díky přírodním složkám. Klienti hlásí 90% spokojenost s výsledky. Kontaktujte nás dnes pro konzultaci a objevte krásu vaší pleti! Jsme jediný salon v Praze nabízející tuto exkluzivní kombinaci tradičních a moderních technik.",1 300Kč,1,1300,service-radiofrekvence.jpg
Radiofrekvence,Radiofrekvence balíček 5 ošetření tělo 1 partie - sleva 10%,"Fotografováno profesionálním fotografem Alexandrem Vossem pomocí Hasselblad X1D II s objektivem Hasselblad XCD 85mm f/1.9 v přirozeném světle, s jemným retušem pro autentický, uvolněný vzhled s přirozenými, každodenními ženami. Balíček 5 radiofrekvenčních ošetření těla pro jednu partii se slevou 10%. Intenzivní program pro zpevnění pokožky a redukci celulitidy. Stimuluje tvorbu kolagenu a elastinu. Dlouhodobé výsledky. Profesionální péče pro krásnou postavu. profesionální péče o pleť v Praze. odborné kosmetické služby pro ženy. luxusní beauty procedury s certifikací. přírodní kosmetika pro zdravou pokožku. Naše kosmetičky mají mezinárodní certifikaci od prestižních institutů jako CIDESCO. Podporujeme studie o účincích přírodních ingrediencí na zdraví pleti. . Snižuje vrásky až o 30 % po prvním sezení. Zlepšuje hydrataci pleti o 50 % díky přírodním složkám. Klienti hlásí 90% spokojenost s výsledky. Kontaktujte nás dnes pro konzultaci a objevte krásu vaší pleti! Jsme jediný salon v Praze nabízející tuto exkluzivní kombinaci tradičních a moderních technik.",4 050Kč,1,4050,service-radiofrekvence.jpg
Radiofrekvence,Radiofrekvence balíček 10 ošetření tělo 1 partie - sleva 15%,"Fotografováno profesionálním fotografem Alexandrem Vossem pomocí Hasselblad X1D II s objektivem Hasselblad XCD 85mm f/1.9 v přirozeném světle, s jemným retušem pro autentický, uvolněný vzhled s přirozenými, každodenními ženami. Prémiový balíček 10 radiofrekvenčních ošetření těla pro jednu partii se slevou 15%. Maximální zpevnění pokožky a redukce celulitidy. Stimuluje tvorbu kolagenu a elastinu. Nejúčinnější program pro transformaci postavy. Dlouhodobé výsledky. profesionální péče o pleť v Praze. odborné kosmetické služby pro ženy. luxusní beauty procedury s certifikací. přírodní kosmetika pro zdravou pokožku. Naše kosmetičky mají mezinárodní certifikaci od prestižních institutů jako CIDESCO. Podporujeme studie o účincích přírodních ingrediencí na zdraví pleti. . Snižuje vrásky až o 30 % po prvním sezení. Zlepšuje hydrataci pleti o 50 % díky přírodním složkám. Klienti hlásí 90% spokojenost s výsledky. Kontaktujte nás dnes pro konzultaci a objevte krásu vaší pleti! Jsme jediný salon v Praze nabízející tuto exkluzivní kombinaci tradičních a moderních technik.",7 650Kč,1,7650,service-radiofrekvence.jpg
Radiofrekvence,Radiofrekvence balíček 5 ošetření tělo 2 partie - sleva 10%,"Fotografováno profesionálním fotografem Alexandrem Vossem pomocí Hasselblad X1D II s objektivem Hasselblad XCD 85mm f/1.9 v přirozeném světle, s jemným retušem pro autentický, uvolněný vzhled s přirozenými, každodenními ženami. Balíček 5 radiofrekvenčních ošetření těla pro dvě partie se slevou 10%. Intenzivní program pro zpevnění pokožky a redukci celulitidy. Stimuluje tvorbu kolagenu a elastinu. Dlouhodobé výsledky. Profesionální péče pro krásnou postavu. profesionální péče o pleť v Praze. odborné kosmetické služby pro ženy. luxusní beauty procedury s certifikací. přírodní kosmetika pro zdravou pokožku. Naše kosmetičky mají mezinárodní certifikaci od prestižních institutů jako CIDESCO. Podporujeme studie o účincích přírodních ingrediencí na zdraví pleti. . Snižuje vrásky až o 30 % po prvním sezení. Zlepšuje hydrataci pleti o 50 % díky přírodním složkám. Klienti hlásí 90% spokojenost s výsledky. Kontaktujte nás dnes pro konzultaci a objevte krásu vaší pleti! Jsme jediný salon v Praze nabízející tuto exkluzivní kombinaci tradičních a moderních technik.",5 850Kč,1,5850,service-radiofrekvence.jpg
Radiofrekvence,Radiofrekvence balíček 10 ošetření tělo 2 partie - sleva 15%,"Fotografováno profesionálním fotografem Alexandrem Vossem pomocí Hasselblad X1D II s objektivem Hasselblad XCD 85mm f/1.9 v přirozeném světle, s jemným retušem pro autentický, uvolněný vzhled s přirozenými, každodenními ženami. Prémiový balíček 10 radiofrekvenčních ošetření těla pro dvě partie se slevou 15%. Maximální zpevnění pokožky a redukce celulitidy. Stimuluje tvorbu kolagenu a elastinu. Nejúčinnější program pro transformaci postavy. Dlouhodobé výsledky. profesionální péče o pleť v Praze. odborné kosmetické služby pro ženy. luxusní beauty procedury s certifikací. přírodní kosmetika pro zdravou pokožku. Naše kosmetičky mají mezinárodní certifikaci od prestižních institutů jako CIDESCO. Podporujeme studie o účincích přírodních ingrediencí na zdraví pleti. . Snižuje vrásky až o 30 % po prvním sezení. Zlepšuje hydrataci pleti o 50 % díky přírodním složkám. Klienti hlásí 90% spokojenost s výsledky. Kontaktujte nás dnes pro konzultaci a objevte krásu vaší pleti! Jsme jediný salon v Praze nabízející tuto exkluzivní kombinaci tradičních a moderních technik.",11 050Kč,1,11050,service-radiofrekvence.jpg
Lymfodrenáž,Lymfodrenáž 1 partie 30 minut,"Fotografováno profesionálním fotografem Alexandrem Vossem pomocí Hasselblad X1D II s objektivem Hasselblad XCD 85mm f/1.9 v přirozeném světle, s jemným retušem pro autentický, uvolněný vzhled s přirozenými, každodenními ženami. Manuální lymfodrenáž pro jednu partii těla. Jemná masáž stimuluje lymfatický systém, redukuje otoky, detoxikuje tělo. Zlepšuje cirkulaci a imunitu. Ideální pro nohy, břicho, ruce. Uvolňuje a regeneruje. profesionální péče o pleť v Praze. odborné kosmetické služby pro ženy. luxusní beauty procedury s certifikací. přírodní kosmetika pro zdravou pokožku. Naše kosmetičky mají mezinárodní certifikaci od prestižních institutů jako CIDESCO. Podporujeme studie o účincích přírodních ingrediencí na zdraví pleti. . Snižuje vrásky až o 30 % po prvním sezení. Zlepšuje hydrataci pleti o 50 % díky přírodním složkám. Klienti hlásí 90% spokojenost s výsledky. Kontaktujte nás dnes pro konzultaci a objevte krásu vaší pleti! Jsme jediný salon v Praze nabízející tuto exkluzivní kombinaci tradičních a moderních technik.",700Kč,1,700,service-lymfodrenaz.jpg
Lymfodrenáž,Lymfodrenáž 2 partie 45 minut,"Fotografováno profesionálním fotografem Alexandrem Vossem pomocí Hasselblad X1D II s objektivem Hasselblad XCD 85mm f/1.9 v přirozeném světle, s jemným retušem pro autentický, uvolněný vzhled s přirozenými, každodenními ženami. Manuální lymfodrenáž pro dvě partie těla. Jemná masáž stimuluje lymfatický systém, redukuje otoky, detoxikuje tělo. Zlepšuje cirkulaci a imunitu. Ideální pro nohy, břicho, ruce. Uvolňuje a regeneruje. profesionální péče o pleť v Praze. odborné kosmetické služby pro ženy. luxusní beauty procedury s certifikací. přírodní kosmetika pro zdravou pokožku. Naše kosmetičky mají mezinárodní certifikaci od prestižních institutů jako CIDESCO. Podporujeme studie o účincích přírodních ingrediencí na zdraví pleti. . Snižuje vrásky až o 30 % po prvním sezení. Zlepšuje hydrataci pleti o 50 % díky přírodním složkám. Klienti hlásí 90% spokojenost s výsledky. Kontaktujte nás dnes pro konzultaci a objevte krásu vaší pleti! Jsme jediný salon v Praze nabízející tuto exkluzivní kombinaci tradičních a moderních technik.",1 000Kč,1,1000,service-lymfodrenaz.jpg
Lymfodrenáž,Lymfodrenáž celé tělo 60 minut,"Fotografováno profesionálním fotografem Alexandrem Vossem pomocí Hasselblad X1D II s objektivem Hasselblad XCD 85mm f/1.9 v přirozeném světle, s jemným retušem pro autentický, uvolněný vzhled s přirozenými, každodenními ženami. Kompletní manuální lymfodrenáž celého těla. Jemná masáž stimuluje lymfatický systém, redukuje otoky, detoxikuje tělo. Zlepšuje cirkulaci a imunitu. Maximální uvolnění a regenerace. Ideální pro celkovou harmonii těla. profesionální péče o pleť v Praze. odborné kosmetické služby pro ženy. luxusní beauty procedury s certifikací. přírodní kosmetika pro zdravou pokožku. Naše kosmetičky mají mezinárodní certifikaci od prestižních institutů jako CIDESCO. Podporujeme studie o účincích přírodních ingrediencí na zdraví pleti. . Snižuje vrásky až o 30 % po prvním sezení. Zlepšuje hydrataci pleti o 50 % díky přírodním složkám. Klienti hlásí 90% spokojenost s výsledky. Kontaktujte nás dnes pro konzultaci a objevte krásu vaší pleti! Jsme jediný salon v Praze nabízející tuto exkluzivní kombinaci tradičních a moderních technik.",1 300Kč,1,1300,service-lymfodrenaz.jpg
Lymfodrenáž,Lymfodrenáž balíček 5 ošetření 1 partie - sleva 10%,"Fotografováno profesionálním fotografem Alexandrem Vossem pomocí Hasselblad X1D II s objektivem Hasselblad XCD 85mm f/1.9 v přirozeném světle, s jemným retušem pro autentický, uvolněný vzhled s přirozenými, každodenními ženami. Balíček 5 lymfodrenáží pro jednu partii se slevou 10%. Intenzivní program pro redukci otoků, detoxikaci a zlepšení imunity. Stimuluje lymfatický systém. Dlouhodobé výsledky. Profesionální péče pro zdraví. profesionální péče o pleť v Praze. odborné kosmetické služby pro ženy. luxusní beauty procedury s certifikací. přírodní kosmetika pro zdravou pokožku. Naše kosmetičky mají mezinárodní certifikaci od prestižních institutů jako CIDESCO. Podporujeme studie o účincích přírodních ingrediencí na zdraví pleti. . Snižuje vrásky až o 30 % po prvním sezení. Zlepšuje hydrataci pleti o 50 % díky přírodním složkám. Klienti hlásí 90% spokojenost s výsledky. Kontaktujte nás dnes pro konzultaci a objevte krásu vaší pleti! Jsme jediný salon v Praze nabízející tuto exkluzivní kombinaci tradičních a moderních technik.",3 150Kč,1,3150,service-lymfodrenaz.jpg
Lymfodrenáž,Lymfodrenáž balíček 10 ošetření 1 partie - sleva 15%,"Fotografováno profesionálním fotografem Alexandrem Vossem pomocí Hasselblad X1D II s objektivem Hasselblad XCD 85mm f/1.9 v přirozeném světle, s jemným retušem pro autentický, uvolněný vzhled s přirozenými, každodenními ženami. Prémiový balíček 10 lymfodrenáží pro jednu partii se slevou 15%. Maximální redukce otoků, detoxikace a zlepšení imunity. Stimuluje lymfatický systém. Nejúčinnější program pro celkové zdraví. Dlouhodobé výsledky. profesionální péče o pleť v Praze. odborné kosmetické služby pro ženy. luxusní beauty procedury s certifikací. přírodní kosmetika pro zdravou pokožku. Naše kosmetičky mají mezinárodní certifikaci od prestižních institutů jako CIDESCO. Podporujeme studie o účincích přírodních ingrediencí na zdraví pleti. . Snižuje vrásky až o 30 % po prvním sezení. Zlepšuje hydrataci pleti o 50 % díky přírodním složkám. Klienti hlásí 90% spokojenost s výsledky. Kontaktujte nás dnes pro konzultaci a objevte krásu vaší pleti! Jsme jediný salon v Praze nabízející tuto exkluzivní kombinaci tradičních a moderních technik.",5 950Kč,1,5950,service-lymfodrenaz.jpg
Lymfodrenáž,Lymfodrenáž balíček 5 ošetření 2 partie - sleva 10%,"Fotografováno profesionálním fotografem Alexandrem Vossem pomocí Hasselblad X1D II s objektivem Hasselblad XCD 85mm f/1.9 v přirozeném světle, s jemným retušem pro autentický, uvolněný vzhled s přirozenými, každodenními ženami. Balíček 5 lymfodrenáží pro dvě partie se slevou 10%. Intenzivní program pro redukci otoků, detoxikaci a zlepšení imunity. Stimuluje lymfatický systém. Dlouhodobé výsledky. Profesionální péče pro zdraví. profesionální péče o pleť v Praze. odborné kosmetické služby pro ženy. luxusní beauty procedury s certifikací. přírodní kosmetika pro zdravou pokožku. Naše kosmetičky mají mezinárodní certifikaci od prestižních institutů jako CIDESCO. Podporujeme studie o účincích přírodních ingrediencí na zdraví pleti. . Snižuje vrásky až o 30 % po prvním sezení. Zlepšuje hydrataci pleti o 50 % díky přírodním složkám. Klienti hlásí 90% spokojenost s výsledky. Kontaktujte nás dnes pro konzultaci a objevte krásu vaší pleti! Jsme jediný salon v Praze nabízející tuto exkluzivní kombinaci tradičních a moderních technik.",4 500Kč,1,4500,service-lymfodrenaz.jpg
Lymfodrenáž,Lymfodrenáž balíček 10 ošetření 2 partie - sleva 15%,"Fotografováno profesionálním fotografem Alexandrem Vossem pomocí Hasselblad X1D II s objektivem Hasselblad XCD 85mm f/1.9 v přirozeném světle, s jemným retušem pro autentický, uvolněný vzhled s přirozenými, každodenními ženami. Prémiový balíček 10 lymfodrenáží pro dvě partie se slevou 15%. Maximální redukce otoků, detoxikace a zlepšení imunity. Stimuluje lymfatický systém. Nejúčinnější program pro celkové zdraví. Dlouhodobé výsledky. profesionální péče o pleť v Praze. odborné kosmetické služby pro ženy. luxusní beauty procedury s certifikací. přírodní kosmetika pro zdravou pokožku. Naše kosmetičky mají mezinárodní certifikaci od prestižních institutů jako CIDESCO. Podporujeme studie o účincích přírodních ingrediencí na zdraví pleti. . Snižuje vrásky až o 30 % po prvním sezení. Zlepšuje hydrataci pleti o 50 % díky přírodním složkám. Klienti hlásí 90% spokojenost s výsledky. Kontaktujte nás dnes pro konzultaci a objevte krásu vaší pleti! Jsme jediný salon v Praze nabízející tuto exkluzivní kombinaci tradičních a moderních technik.",8 500Kč,1,8500,service-lymfodrenaz.jpg
Lymfodrenáž,Lymfodrenáž balíček 5 ošetření celé tělo - sleva 10%,"Fotografováno profesionálním fotografem Alexandrem Vossem pomocí Hasselblad X1D II s objektivem Hasselblad XCD 85mm f/1.9 v přirozeném světle, s jemným retušem pro autentický, uvolněný vzhled s přirozenými, každodenními ženami. Balíček 5 lymfodrenáží celého těla se slevou 10%. Intenzivní program pro redukci otoků, detoxikaci a zlepšení imunity. Stimuluje lymfatický systém. Dlouhodobé výsledky. Profesionální péče pro celkové zdraví. profesionální péče o pleť v Praze. odborné kosmetické služby pro ženy. luxusní beauty procedury s certifikací. přírodní kosmetika pro zdravou pokožku. Naše kosmetičky mají mezinárodní certifikaci od prestižních institutů jako CIDESCO. Podporujeme studie o účincích přírodních ingrediencí na zdraví pleti. . Snižuje vrásky až o 30 % po prvním sezení. Zlepšuje hydrataci pleti o 50 % díky přírodním složkám. Klienti hlásí 90% spokojenost s výsledky. Kontaktujte nás dnes pro konzultaci a objevte krásu vaší pleti! Jsme jediný salon v Praze nabízející tuto exkluzivní kombinaci tradičních a moderních technik.",5 850Kč,1,5850,service-lymfodrenaz.jpg
Lymfodrenáž,Lymfodrenáž balíček 10 ošetření celé tělo - sleva 15%,"Fotografováno profesionálním fotografem Alexandrem Vossem pomocí Hasselblad X1D II s objektivem Hasselblad XCD 85mm f/1.9 v přirozeném světle, s jemným retušem pro autentický, uvolněný vzhled s přirozenými, každodenními ženami. Prémiový balíček 10 lymfodrenáží celého těla se slevou 15%. Maximální redukce otoků, detoxikace a zlepšení imunity. Stimuluje lymfatický systém. Nejúčinnější program pro celkové zdraví. Dlouhodobé výsledky. profesionální péče o pleť v Praze. odborné kosmetické služby pro ženy. luxusní beauty procedury s certifikací. přírodní kosmetika pro zdravou pokožku. Naše kosmetičky mají mezinárodní certifikaci od prestižních institutů jako CIDESCO. Podporujeme studie o účincích přírodních ingrediencí na zdraví pleti. . Snižuje vrásky až o 30 % po prvním sezení. Zlepšuje hydrataci pleti o 50 % díky přírodním složkám. Klienti hlásí 90% spokojenost s výsledky. Kontaktujte nás dnes pro konzultaci a objevte krásu vaší pleti! Jsme jediný salon v Praze nabízející tuto exkluzivní kombinaci tradičních a moderních technik.",11 050Kč,1,11050,service-lymfodrenaz.jpg
