category,subcategory,service_type,name,short_description,description,duration_in_minutes,session,price_in_czk,benefits,image
Kosmetika,Ošetření pleti,single,Hydratační ošetření pleti,Profesionální hydratační ošetření pleti pro viditelné zlepšení. Intenzivní hydratace. Délka: 60 min.,"Hydratační ošetření pleti je pečlivě navržené ošetření, které cílí na klíčové potřeby pleti i těla a přináší viditelné zlepšení vzhledu i komfortu.

Jak to probíhá:
Průběh je relaxační a zároveň účinný; techniky a intenzitu volíme individuálně podle cíle ošetření. Po ošetření je obvyklý okamžitý pocit svěžesti a postupně se zlepšuje vzhled pleti či kontur.

**Co tím získáte:**
• Intenzivní hydratace
• zklidnění pleti
• obnova pružnosti
• zdravý vzhled

Plán a doporučení:
Doporučený plán: 1. Délka ošetření: 60 min. Pro nejlepší výsledek doporučujeme pravidelnost a domácí péči podle našich tipů.

Kontraindikace: těhotenství, akutní záněty, otevřené rány, kovové implantáty v ošetřované oblasti a závažné kardiovaskulární potíže. Vždy nás prosím informujte o svém zdravotním stavu.",60,1,1150,"Intenzivní hydratace, zklidnění pleti, obnova pružnosti, zdravý vzhled","kosmetika/hydratational-1.jpg, kosmetika/hydratational-10.jpg, kosmetika/hydratational-11.jpg, kosmetika/hydratational-12.jpg, kosmetika/hydratational-13.jpg"
Kosmetika,Anti-age péče,single,Anti-age ošetření s kolagenem,Profesionální anti-age ošetření s kolagenem pro viditelné zlepšení. Redukce vrásek. Délka: 60 min.,"Anti-age ošetření s kolagenem je pečlivě navržené ošetření, které cílí na klíčové potřeby pleti i těla a přináší viditelné zlepšení vzhledu i komfortu.

Jak to probíhá:
Průběh je relaxační a zároveň účinný; techniky a intenzitu volíme individuálně podle cíle ošetření. Po ošetření je obvyklý okamžitý pocit svěžesti a postupně se zlepšuje vzhled pleti či kontur.

**Co tím získáte:**
• Redukce vrásek
• zpevnění pleti
• lifting efekt
• stimulace kolagenu

Plán a doporučení:
Doporučený plán: 1. Délka ošetření: 60 min. Pro nejlepší výsledek doporučujeme pravidelnost a domácí péči podle našich tipů.

Kontraindikace: těhotenství, akutní záněty, otevřené rány, kovové implantáty v ošetřované oblasti a závažné kardiovaskulární potíže. Vždy nás prosím informujte o svém zdravotním stavu.",60,1,1350,"Redukce vrásek, zpevnění pleti, lifting efekt, stimulace kolagenu","kosmetika/anti-age.jpeg, kosmetika/Kosmetika Detail 2.jpeg, kosmetika/Kosmetika Detail.jpeg, kosmetika/depilace-1.jpg"
Kosmetika,Ošetření pleti,single,Ošetření rozšířených pórů,Profesionální ošetření rozšířených pórů pro viditelné zlepšení. Stažení pórů. Délka: 60 min.,"Ošetření rozšířených pórů je pečlivě navržené ošetření, které cílí na klíčové potřeby pleti i těla a přináší viditelné zlepšení vzhledu i komfortu.

Jak to probíhá:
Průběh je relaxační a zároveň účinný; techniky a intenzitu volíme individuálně podle cíle ošetření. Po ošetření je obvyklý okamžitý pocit svěžesti a postupně se zlepšuje vzhled pleti či kontur.

**Co tím získáte:**
• Stažení pórů
• regulace mazu
• vyčištění pleti
• jemnější textura

Plán a doporučení:
Doporučený plán: 1. Délka ošetření: 60 min. Pro nejlepší výsledek doporučujeme pravidelnost a domácí péči podle našich tipů.

Kontraindikace: těhotenství, akutní záněty, otevřené rány, kovové implantáty v ošetřované oblasti a závažné kardiovaskulární potíže. Vždy nás prosím informujte o svém zdravotním stavu.",60,1,1350,"Stažení pórů, regulace mazu, vyčištění pleti, jemnější textura","kosmetika/Kosmetika Detail 2.jpeg, kosmetika/Kosmetika Detail.jpeg, kosmetika/anti-age.jpeg, kosmetika/depilace-1.jpg, kosmetika/depilace-2.jpg"
Kosmetika,Ošetření pleti,single,Ošetření problematické pleti,Profesionální ošetření problematické pleti pro viditelné zlepšení. Dezinfekce. Délka: 60 min.,"Ošetření problematické pleti je pečlivě navržené ošetření, které cílí na klíčové potřeby pleti i těla a přináší viditelné zlepšení vzhledu i komfortu.

Jak to probíhá:
Průběh je relaxační a zároveň účinný; techniky a intenzitu volíme individuálně podle cíle ošetření. Po ošetření je obvyklý okamžitý pocit svěžesti a postupně se zlepšuje vzhled pleti či kontur.

**Co tím získáte:**
• Dezinfekce
• zklidnění zánětů
• prevence akné
• rychlejší hojení

Plán a doporučení:
Doporučený plán: 1. Délka ošetření: 60 min. Pro nejlepší výsledek doporučujeme pravidelnost a domácí péči podle našich tipů.

Kontraindikace: těhotenství, akutní záněty, otevřené rány, kovové implantáty v ošetřované oblasti a závažné kardiovaskulární potíže. Vždy nás prosím informujte o svém zdravotním stavu.",60,1,1350,"Dezinfekce, zklidnění zánětů, prevence akné, rychlejší hojení","kosmetika/Kosmetika Detail 2.jpeg, kosmetika/Kosmetika Detail.jpeg, kosmetika/anti-age.jpeg, kosmetika/depilace-1.jpg, kosmetika/depilace-2.jpg"
Kosmetika,Ošetření pleti,single,Zklidňující ošetření pleti s propolisem,Profesionální zklidňující ošetření pleti s propolisem pro viditelné zlepšení. Zklidnění citlivé pleti. Délka: 60 min.,"Zklidňující ošetření pleti s propolisem je pečlivě navržené ošetření, které cílí na klíčové potřeby pleti i těla a přináší viditelné zlepšení vzhledu i komfortu.

Jak to probíhá:
Průběh je relaxační a zároveň účinný; techniky a intenzitu volíme individuálně podle cíle ošetření. Po ošetření je obvyklý okamžitý pocit svěžesti a postupně se zlepšuje vzhled pleti či kontur.

**Co tím získáte:**
• Zklidnění citlivé pleti
• antibakteriální účinek
• posílení kožní bariéry
• přirozené hojení

Plán a doporučení:
Doporučený plán: 1. Délka ošetření: 60 min. Pro nejlepší výsledek doporučujeme pravidelnost a domácí péči podle našich tipů.

Kontraindikace: těhotenství, akutní záněty, otevřené rány, kovové implantáty v ošetřované oblasti a závažné kardiovaskulární potíže. Vždy nás prosím informujte o svém zdravotním stavu.",60,1,1490,"Zklidnění citlivé pleti, antibakteriální účinek, posílení kožní bariéry, přirozené hojení","kosmetika/skin-calming-with-propolis1.jpg, kosmetika/skin-calming-with-propolis2.jpg, kosmetika/skin-calming-with-propolis3.jpg, kosmetika/skin-calming-with-propolis4.jpg, kosmetika/skin-calming-with-propolis5.jpg"
Kosmetika,Anti-age péče,single,Premium ošetření s kyselinou hyaluronovou,Profesionální premium ošetření s kyselinou hyaluronovou pro viditelné zlepšení. Hloubková hydratace. Délka: 60 min.,"Premium ošetření s kyselinou hyaluronovou je pečlivě navržené ošetření, které cílí na klíčové potřeby pleti i těla a přináší viditelné zlepšení vzhledu i komfortu.

Jak to probíhá:
Průběh je relaxační a zároveň účinný; techniky a intenzitu volíme individuálně podle cíle ošetření. Po ošetření je obvyklý okamžitý pocit svěžesti a postupně se zlepšuje vzhled pleti či kontur.

**Co tím získáte:**
• Hloubková hydratace
• vyplnění vrásek
• lifting efekt
• dlouhodobá pružnost

Plán a doporučení:
Doporučený plán: 1. Délka ošetření: 60 min. Pro nejlepší výsledek doporučujeme pravidelnost a domácí péči podle našich tipů.

Kontraindikace: těhotenství, akutní záněty, otevřené rány, kovové implantáty v ošetřované oblasti a závažné kardiovaskulární potíže. Vždy nás prosím informujte o svém zdravotním stavu.",60,1,1700,"Hloubková hydratace, vyplnění vrásek, lifting efekt, dlouhodobá pružnost","kosmetika/Kosmetika Detail 2.jpeg, kosmetika/Kosmetika Detail.jpeg, kosmetika/anti-age.jpeg, kosmetika/depilace-1.jpg"
Kosmetika,Pokročilé procedury,single,Dermapen mikrojehličkování – Pleť,Profesionální dermapen mikrojehličkování – pleť pro viditelné zlepšení. Stimulace kolagenu. Délka: 60 min.,"Dermapen mikrojehličkování – Pleť je pečlivě navržené ošetření, které cílí na klíčové potřeby pleti i těla a přináší viditelné zlepšení vzhledu i komfortu.

Jak to probíhá:
Průběh je relaxační a zároveň účinný; techniky a intenzitu volíme individuálně podle cíle ošetření. Po ošetření je obvyklý okamžitý pocit svěžesti a postupně se zlepšuje vzhled pleti či kontur.

**Co tím získáte:**
• Stimulace kolagenu
• redukce jizev
• vyhlazení vrásek
• zlepšení textury

Plán a doporučení:
Doporučený plán: 1. Délka ošetření: 60 min. Pro nejlepší výsledek doporučujeme pravidelnost a domácí péči podle našich tipů.

Kontraindikace: těhotenství, akutní záněty, otevřené rány, kovové implantáty v ošetřované oblasti a závažné kardiovaskulární potíže. Vždy nás prosím informujte o svém zdravotním stavu.",60,1,1800,"Stimulace kolagenu, redukce jizev, vyhlazení vrásek, zlepšení textury","kosmetika/Kosmetika Detail 2.jpeg, kosmetika/Kosmetika Detail.jpeg, kosmetika/anti-age.jpeg, kosmetika/depilace-1.jpg, kosmetika/depilace-2.jpg"
Kosmetika,Pokročilé procedury,single,Dermapen mikrojehličkování – Rty,Profesionální dermapen mikrojehličkování – rty pro viditelné zlepšení. Přirozený objem rtů. Délka: 60 min.,"Dermapen mikrojehličkování – Rty je pečlivě navržené ošetření, které cílí na klíčové potřeby pleti i těla a přináší viditelné zlepšení vzhledu i komfortu.

Jak to probíhá:
Průběh je relaxační a zároveň účinný; techniky a intenzitu volíme individuálně podle cíle ošetření. Po ošetření je obvyklý okamžitý pocit svěžesti a postupně se zlepšuje vzhled pleti či kontur.

**Co tím získáte:**
• Přirozený objem rtů
• vyhlazení vrásek
• konturování
• stimulace kolagenu

Plán a doporučení:
Doporučený plán: 1. Délka ošetření: 60 min. Pro nejlepší výsledek doporučujeme pravidelnost a domácí péči podle našich tipů.

Kontraindikace: těhotenství, akutní záněty, otevřené rány, kovové implantáty v ošetřované oblasti a závažné kardiovaskulární potíže. Vždy nás prosím informujte o svém zdravotním stavu.",60,1,700,"Přirozený objem rtů, vyhlazení vrásek, konturování, stimulace kolagenu","kosmetika/Kosmetika Detail 2.jpeg, kosmetika/Kosmetika Detail.jpeg, kosmetika/anti-age.jpeg, kosmetika/depilace-1.jpg, kosmetika/depilace-2.jpg"
Kosmetika,Obočí a řasy,single,Barvení obočí,Profesionální barvení obočí pro viditelné zlepšení. Zvýraznění obličeje. Délka: 15 min.,"Barvení obočí je pečlivě navržené ošetření, které cílí na klíčové potřeby pleti i těla a přináší viditelné zlepšení vzhledu i komfortu.

Jak to probíhá:
Průběh je relaxační a zároveň účinný; techniky a intenzitu volíme individuálně podle cíle ošetření. Po ošetření je obvyklý okamžitý pocit svěžesti a postupně se zlepšuje vzhled pleti či kontur.

**Co tím získáte:**
• Zvýraznění obličeje
• přirozený vzhled
• dlouhodobý efekt
• úspora času

Plán a doporučení:
Doporučený plán: 1. Délka ošetření: 15 min. Pro nejlepší výsledek doporučujeme pravidelnost a domácí péči podle našich tipů.

Kontraindikace: těhotenství, akutní záněty, otevřené rány, kovové implantáty v ošetřované oblasti a závažné kardiovaskulární potíže. Vždy nás prosím informujte o svém zdravotním stavu.",15,1,200,"Zvýraznění obličeje, přirozený vzhled, dlouhodobý efekt, úspora času","kosmetika/Kosmetika Detail 2.jpeg, kosmetika/Kosmetika Detail.jpeg, kosmetika/anti-age.jpeg, kosmetika/depilace-1.jpg, kosmetika/depilace-2.jpg"
Kosmetika,Obočí a řasy,single,Barvení řas,Profesionální barvení řas pro viditelné zlepšení. Výrazný pohled. Délka: 15 min.,"Barvení řas je pečlivě navržené ošetření, které cílí na klíčové potřeby pleti i těla a přináší viditelné zlepšení vzhledu i komfortu.

Jak to probíhá:
Průběh je relaxační a zároveň účinný; techniky a intenzitu volíme individuálně podle cíle ošetření. Po ošetření je obvyklý okamžitý pocit svěžesti a postupně se zlepšuje vzhled pleti či kontur.

**Co tím získáte:**
• Výrazný pohled
• přirozený vzhled
• úspora času
• vhodné pro citlivé oči

Plán a doporučení:
Doporučený plán: 1. Délka ošetření: 15 min. Pro nejlepší výsledek doporučujeme pravidelnost a domácí péči podle našich tipů.

Kontraindikace: těhotenství, akutní záněty, otevřené rány, kovové implantáty v ošetřované oblasti a závažné kardiovaskulární potíže. Vždy nás prosím informujte o svém zdravotním stavu.",15,1,200,"Výrazný pohled, přirozený vzhled, úspora času, vhodné pro citlivé oči","kosmetika/rasy-1.jpg, kosmetika/rasy-2.jpg, kosmetika/rasy-3.jpg, kosmetika/rasy1.jpg, kosmetika/rasy10.jpg"
Kosmetika,Obočí a řasy,single,Lifting řas,Profesionální lifting řas pro viditelné zlepšení. Přirozený curl. Délka: 45 min.,"Lifting řas je pečlivě navržené ošetření, které cílí na klíčové potřeby pleti i těla a přináší viditelné zlepšení vzhledu i komfortu.

Jak to probíhá:
Průběh je relaxační a zároveň účinný; techniky a intenzitu volíme individuálně podle cíle ošetření. Po ošetření je obvyklý okamžitý pocit svěžesti a postupně se zlepšuje vzhled pleti či kontur.

**Co tím získáte:**
• Přirozený curl
• výrazný pohled
• dlouhodobý efekt 4-6 týdnů
• bez poškození

Plán a doporučení:
Doporučený plán: 1. Délka ošetření: 45 min. Pro nejlepší výsledek doporučujeme pravidelnost a domácí péči podle našich tipů.

Kontraindikace: těhotenství, akutní záněty, otevřené rány, kovové implantáty v ošetřované oblasti a závažné kardiovaskulární potíže. Vždy nás prosím informujte o svém zdravotním stavu.",45,1,1000,"Přirozený curl, výrazný pohled, dlouhodobý efekt 4-6 týdnů, bez poškození","kosmetika/rasy-1.jpg, kosmetika/rasy-2.jpg, kosmetika/rasy-3.jpg, kosmetika/rasy1.jpg, kosmetika/rasy10.jpg"
Kosmetika,Obočí a řasy,single,Laminace obočí,Profesionální laminace obočí pro viditelné zlepšení. Plnější vzhled. Délka: 45 min.,"Laminace obočí je pečlivě navržené ošetření, které cílí na klíčové potřeby pleti i těla a přináší viditelné zlepšení vzhledu i komfortu.

Jak to probíhá:
Průběh je relaxační a zároveň účinný; techniky a intenzitu volíme individuálně podle cíle ošetření. Po ošetření je obvyklý okamžitý pocit svěžesti a postupně se zlepšuje vzhled pleti či kontur.

**Co tím získáte:**
• Plnější vzhled
• dlouhodobá fixace
• přirozený efekt
• bez bolesti

Plán a doporučení:
Doporučený plán: 1. Délka ošetření: 45 min. Pro nejlepší výsledek doporučujeme pravidelnost a domácí péči podle našich tipů.

Kontraindikace: těhotenství, akutní záněty, otevřené rány, kovové implantáty v ošetřované oblasti a závažné kardiovaskulární potíže. Vždy nás prosím informujte o svém zdravotním stavu.",45,1,600,"Plnější vzhled, dlouhodobá fixace, přirozený efekt, bez bolesti","kosmetika/Kosmetika Detail 2.jpeg, kosmetika/Kosmetika Detail.jpeg, kosmetika/anti-age.jpeg, kosmetika/depilace-1.jpg, kosmetika/depilace-2.jpg"
Kosmetika,Obočí a řasy,single,Laminace obočí s barvením,Profesionální laminace obočí s barvením pro viditelné zlepšení. Plný tvar. Délka: 50 min.,"Laminace obočí s barvením je pečlivě navržené ošetření, které cílí na klíčové potřeby pleti i těla a přináší viditelné zlepšení vzhledu i komfortu.

Jak to probíhá:
Průběh je relaxační a zároveň účinný; techniky a intenzitu volíme individuálně podle cíle ošetření. Po ošetření je obvyklý okamžitý pocit svěžesti a postupně se zlepšuje vzhled pleti či kontur.

**Co tím získáte:**
• Plný tvar
• sjednocená barva
• dlouhodobý efekt
• přirozený vzhled

Plán a doporučení:
Doporučený plán: 1. Délka ošetření: 50 min. Pro nejlepší výsledek doporučujeme pravidelnost a domácí péči podle našich tipů.

Kontraindikace: těhotenství, akutní záněty, otevřené rány, kovové implantáty v ošetřované oblasti a závažné kardiovaskulární potíže. Vždy nás prosím informujte o svém zdravotním stavu.",50,1,1000,"Plný tvar, sjednocená barva, dlouhodobý efekt, přirozený vzhled","kosmetika/Kosmetika Detail 2.jpeg, kosmetika/Kosmetika Detail.jpeg, kosmetika/anti-age.jpeg, kosmetika/depilace-1.jpg, kosmetika/depilace-2.jpg"
Kosmetika,Obočí a řasy,package,Laminace obočí + Lifting řas,Profesionální laminace obočí + lifting řas pro viditelné zlepšení. Kompletní úprava. Délka: 90 min.,"Laminace obočí + Lifting řas je pečlivě navržené ošetření, které cílí na klíčové potřeby pleti i těla a přináší viditelné zlepšení vzhledu i komfortu.

Jak to probíhá:
Průběh je relaxační a zároveň účinný; techniky a intenzitu volíme individuálně podle cíle ošetření. Po ošetření je obvyklý okamžitý pocit svěžesti a postupně se zlepšuje vzhled pleti či kontur.

**Co tím získáte:**
• Kompletní úprava
• výrazný vzhled
• dlouhodobý efekt
• úspora času

Plán a doporučení:
Doporučený plán: 1. Délka ošetření: 90 min. Pro nejlepší výsledek doporučujeme pravidelnost a domácí péči podle našich tipů.

Kontraindikace: těhotenství, akutní záněty, otevřené rány, kovové implantáty v ošetřované oblasti a závažné kardiovaskulární potíže. Vždy nás prosím informujte o svém zdravotním stavu.",90,1,1500,"Kompletní úprava, výrazný vzhled, dlouhodobý efekt, úspora času","kosmetika/rasy-1.jpg, kosmetika/rasy-2.jpg, kosmetika/rasy-3.jpg, kosmetika/rasy1.jpg, kosmetika/rasy10.jpg"
Kosmetika,Obočí a řasy,package,Lifting řas + Ošetření pleti,Profesionální lifting řas + ošetření pleti pro viditelné zlepšení. Natočené řasy. Délka: 90 min.,"Lifting řas + Ošetření pleti je pečlivě navržené ošetření, které cílí na klíčové potřeby pleti i těla a přináší viditelné zlepšení vzhledu i komfortu.

Jak to probíhá:
Průběh je relaxační a zároveň účinný; techniky a intenzitu volíme individuálně podle cíle ošetření. Po ošetření je obvyklý okamžitý pocit svěžesti a postupně se zlepšuje vzhled pleti či kontur.

**Co tím získáte:**
• Natočené řasy
• ošetřená pleť
• efektivní využití času
• kompletní péče

Plán a doporučení:
Doporučený plán: 1. Délka ošetření: 90 min. Pro nejlepší výsledek doporučujeme pravidelnost a domácí péči podle našich tipů.

Kontraindikace: těhotenství, akutní záněty, otevřené rány, kovové implantáty v ošetřované oblasti a závažné kardiovaskulární potíže. Vždy nás prosím informujte o svém zdravotním stavu.",90,1,800,"Natočené řasy, ošetřená pleť, efektivní využití času, kompletní péče","kosmetika/rasy-1.jpg, kosmetika/rasy-2.jpg, kosmetika/rasy-3.jpg, kosmetika/rasy1.jpg, kosmetika/rasy10.jpg"
Kosmetika,Obočí a řasy,package,Laminace obočí + Ošetření pleti,Profesionální laminace obočí + ošetření pleti pro viditelné zlepšení. Upravené obočí. Délka: 75 min.,"Laminace obočí + Ošetření pleti je pečlivě navržené ošetření, které cílí na klíčové potřeby pleti i těla a přináší viditelné zlepšení vzhledu i komfortu.

Jak to probíhá:
Průběh je relaxační a zároveň účinný; techniky a intenzitu volíme individuálně podle cíle ošetření. Po ošetření je obvyklý okamžitý pocit svěžesti a postupně se zlepšuje vzhled pleti či kontur.

**Co tím získáte:**
• Upravené obočí
• ošetřená pleť
• úspora času
• praktické řešení

Plán a doporučení:
Doporučený plán: 1. Délka ošetření: 75 min. Pro nejlepší výsledek doporučujeme pravidelnost a domácí péči podle našich tipů.

Kontraindikace: těhotenství, akutní záněty, otevřené rány, kovové implantáty v ošetřované oblasti a závažné kardiovaskulární potíže. Vždy nás prosím informujte o svém zdravotním stavu.",75,1,500,"Upravené obočí, ošetřená pleť, úspora času, praktické řešení","kosmetika/Kosmetika Detail 2.jpeg, kosmetika/Kosmetika Detail.jpeg, kosmetika/anti-age.jpeg, kosmetika/depilace-1.jpg, kosmetika/depilace-2.jpg"
Kosmetika,Obočí a řasy,package,Laminace obočí s barvením + Ošetření pleti,Profesionální laminace obočí s barvením + ošetření pleti pro viditelné zlepšení. Dokonalé obočí. Délka: 80 min.,"Laminace obočí s barvením + Ošetření pleti je pečlivě navržené ošetření, které cílí na klíčové potřeby pleti i těla a přináší viditelné zlepšení vzhledu i komfortu.

Jak to probíhá:
Průběh je relaxační a zároveň účinný; techniky a intenzitu volíme individuálně podle cíle ošetření. Po ošetření je obvyklý okamžitý pocit svěžesti a postupně se zlepšuje vzhled pleti či kontur.

**Co tím získáte:**
• Dokonalé obočí
• svěží pleť
• efektivní péče
• kompletní úprava

Plán a doporučení:
Doporučený plán: 1. Délka ošetření: 80 min. Pro nejlepší výsledek doporučujeme pravidelnost a domácí péči podle našich tipů.

Kontraindikace: těhotenství, akutní záněty, otevřené rány, kovové implantáty v ošetřované oblasti a závažné kardiovaskulární potíže. Vždy nás prosím informujte o svém zdravotním stavu.",80,1,750,"Dokonalé obočí, svěží pleť, efektivní péče, kompletní úprava","kosmetika/Kosmetika Detail 2.jpeg, kosmetika/Kosmetika Detail.jpeg, kosmetika/anti-age.jpeg, kosmetika/depilace-1.jpg, kosmetika/depilace-2.jpg"
Kosmetika,Obočí a řasy,package,Ošetření pleti + Barvení řas a obočí,Profesionální ošetření pleti + barvení řas a obočí pro viditelné zlepšení. Ošetřená pleť. Délka: 75 min.,"Ošetření pleti + Barvení řas a obočí je pečlivě navržené ošetření, které cílí na klíčové potřeby pleti i těla a přináší viditelné zlepšení vzhledu i komfortu.

Jak to probíhá:
Průběh je relaxační a zároveň účinný; techniky a intenzitu volíme individuálně podle cíle ošetření. Po ošetření je obvyklý okamžitý pocit svěžesti a postupně se zlepšuje vzhled pleti či kontur.

**Co tím získáte:**
• Ošetřená pleť
• výrazné oči
• komplexní péče
• dlouhodobý efekt

Plán a doporučení:
Doporučený plán: 1. Délka ošetření: 75 min. Pro nejlepší výsledek doporučujeme pravidelnost a domácí péči podle našich tipů.

Kontraindikace: těhotenství, akutní záněty, otevřené rány, kovové implantáty v ošetřované oblasti a závažné kardiovaskulární potíže. Vždy nás prosím informujte o svém zdravotním stavu.",75,1,1250,"Ošetřená pleť, výrazné oči, komplexní péče, dlouhodobý efekt","kosmetika/rasy-1.jpg, kosmetika/rasy-2.jpg, kosmetika/rasy-3.jpg, kosmetika/rasy1.jpg, kosmetika/rasy10.jpg"
Tvarování těla,Budování svalů,single,Budování svalů – 1 partie,Profesionální budování svalů – 1 partie pro viditelné zlepšení. Posílení svalů. Délka: 60 min.,"Budování svalů – 1 partie je pečlivě navržené ošetření, které cílí na klíčové potřeby pleti i těla a přináší viditelné zlepšení vzhledu i komfortu.

Jak to probíhá:
Průběh je relaxační a zároveň účinný; techniky a intenzitu volíme individuálně podle cíle ošetření. Po ošetření je obvyklý okamžitý pocit svěžesti a postupně se zlepšuje vzhled pleti či kontur.

**Co tím získáte:**
• Posílení svalů
• zlepšení tonusu
• lokální spalování tuků
• rychlý a šetrný trénink

Plán a doporučení:
Doporučený plán: 1. Délka ošetření: 60 min. Pro nejlepší výsledek doporučujeme pravidelnost a domácí péči podle našich tipů.

Kontraindikace: těhotenství, akutní záněty, otevřené rány, kovové implantáty v ošetřované oblasti a závažné kardiovaskulární potíže. Vždy nás prosím informujte o svém zdravotním stavu.",60,1,1300,"Posílení svalů, zlepšení tonusu, lokální spalování tuků, rychlý a šetrný trénink","ems/budovani-svalu-1.jpeg, ems/budovani-svalu-2.png, ems/budovani-svalu-3.png, ems/budovani-svalu-4.png"
Tvarování těla,Budování svalů,single,Budování svalů – 2 partie,Profesionální budování svalů – 2 partie pro viditelné zlepšení. Zpevnění a formování. Délka: 60 min.,"Budování svalů – 2 partie je pečlivě navržené ošetření, které cílí na klíčové potřeby pleti i těla a přináší viditelné zlepšení vzhledu i komfortu.

Jak to probíhá:
Průběh je relaxační a zároveň účinný; techniky a intenzitu volíme individuálně podle cíle ošetření. Po ošetření je obvyklý okamžitý pocit svěžesti a postupně se zlepšuje vzhled pleti či kontur.

**Co tím získáte:**
• Zpevnění a formování
• současná aktivace dvou partií
• efektivní kombinace oblastí

Plán a doporučení:
Doporučený plán: 1. Délka ošetření: 60 min. Pro nejlepší výsledek doporučujeme pravidelnost a domácí péči podle našich tipů.

Kontraindikace: těhotenství, akutní záněty, otevřené rány, kovové implantáty v ošetřované oblasti a závažné kardiovaskulární potíže. Vždy nás prosím informujte o svém zdravotním stavu.",60,1,1300,"Zpevnění a formování, současná aktivace dvou partií, efektivní kombinace oblastí","ems/budovani-svalu-1.jpeg, ems/budovani-svalu-2.png, ems/budovani-svalu-3.png, ems/budovani-svalu-4.png"
Tvarování těla,Budování svalů,package,Budování svalů – balíček 2 partie (5 ošetření),Profesionální budování svalů – balíček 2 partie (5 ošetření) pro viditelné zlepšení. Dlouhodobé výsledky. Délka: 60 min.,"Budování svalů – balíček 2 partie (5 ošetření) je pečlivě navržené ošetření, které cílí na klíčové potřeby pleti i těla a přináší viditelné zlepšení vzhledu i komfortu.

Jak to probíhá:
Průběh je relaxační a zároveň účinný; techniky a intenzitu volíme individuálně podle cíle ošetření. Po ošetření je obvyklý okamžitý pocit svěžesti a postupně se zlepšuje vzhled pleti či kontur.

**Co tím získáte:**
• Dlouhodobé výsledky
• postupné zpevnění
• tvarování postavy
• zlepšení vytrvalosti

Plán a doporučení:
Doporučený plán: 5. Délka ošetření: 60 min. Pro nejlepší výsledek doporučujeme pravidelnost a domácí péči podle našich tipů.

Kontraindikace: těhotenství, akutní záněty, otevřené rány, kovové implantáty v ošetřované oblasti a závažné kardiovaskulární potíže. Vždy nás prosím informujte o svém zdravotním stavu.",60,5,6175,"Dlouhodobé výsledky, postupné zpevnění, tvarování postavy, zlepšení vytrvalosti","ems/budovani-svalu-1.jpeg, ems/budovani-svalu-2.png, ems/budovani-svalu-3.png, ems/budovani-svalu-4.png"
Tvarování těla,Budování svalů,package,Budování svalů – kombo 2 partie,Profesionální budování svalů – kombo 2 partie pro viditelné zlepšení. Maximální efekt v čase. Délka: 60 min.,"Budování svalů – kombo 2 partie je pečlivě navržené ošetření, které cílí na klíčové potřeby pleti i těla a přináší viditelné zlepšení vzhledu i komfortu.

Jak to probíhá:
Průběh je relaxační a zároveň účinný; techniky a intenzitu volíme individuálně podle cíle ošetření. Po ošetření je obvyklý okamžitý pocit svěžesti a postupně se zlepšuje vzhled pleti či kontur.

**Co tím získáte:**
• Maximální efekt v čase
• výrazné zpevnění
• podpora spalování tuků
• simultánní aktivace

Plán a doporučení:
Doporučený plán: 1. Délka ošetření: 60 min. Pro nejlepší výsledek doporučujeme pravidelnost a domácí péči podle našich tipů.

Kontraindikace: těhotenství, akutní záněty, otevřené rány, kovové implantáty v ošetřované oblasti a závažné kardiovaskulární potíže. Vždy nás prosím informujte o svém zdravotním stavu.",60,1,6060,"Maximální efekt v čase, výrazné zpevnění, podpora spalování tuků, simultánní aktivace","ems/budovani-svalu-1.jpeg, ems/budovani-svalu-2.png, ems/budovani-svalu-3.png, ems/budovani-svalu-4.png"
Tvarování těla,Budování svalů,package,Budování svalů – balíček kombo (5 ošetření),Profesionální budování svalů – balíček kombo (5 ošetření) pro viditelné zlepšení. Postupný progres. Délka: 60 min.,"Budování svalů – balíček kombo (5 ošetření) je pečlivě navržené ošetření, které cílí na klíčové potřeby pleti i těla a přináší viditelné zlepšení vzhledu i komfortu.

Jak to probíhá:
Průběh je relaxační a zároveň účinný; techniky a intenzitu volíme individuálně podle cíle ošetření. Po ošetření je obvyklý okamžitý pocit svěžesti a postupně se zlepšuje vzhled pleti či kontur.

**Co tím získáte:**
• Postupný progres
• tvarování a zpevnění
• efektivní plán
• úspora oproti jednotlivým sezením

Plán a doporučení:
Doporučený plán: 5. Délka ošetření: 60 min. Pro nejlepší výsledek doporučujeme pravidelnost a domácí péči podle našich tipů.

Kontraindikace: těhotenství, akutní záněty, otevřené rány, kovové implantáty v ošetřované oblasti a závažné kardiovaskulární potíže. Vždy nás prosím informujte o svém zdravotním stavu.",60,5,9450,"Postupný progres, tvarování a zpevnění, efektivní plán, úspora oproti jednotlivým sezením","ems/budovani-svalu-1.jpeg, ems/budovani-svalu-2.png, ems/budovani-svalu-3.png, ems/budovani-svalu-4.png"
Tvarování těla,Budování svalů,package,Budování svalů – balíček kombo (10 ošetření),Profesionální budování svalů – balíček kombo (10 ošetření) pro viditelné zlepšení. Intenzivní série pro výrazné výsledky. Délka: 60 min.,"Budování svalů – balíček kombo (10 ošetření) je pečlivě navržené ošetření, které cílí na klíčové potřeby pleti i těla a přináší viditelné zlepšení vzhledu i komfortu.

Jak to probíhá:
Průběh je relaxační a zároveň účinný; techniky a intenzitu volíme individuálně podle cíle ošetření. Po ošetření je obvyklý okamžitý pocit svěžesti a postupně se zlepšuje vzhled pleti či kontur.

**Co tím získáte:**
• Intenzivní série pro výrazné výsledky
• zpevnění
• formování
• výhodná cena za sezení

Plán a doporučení:
Doporučený plán: 10. Délka ošetření: 60 min. Pro nejlepší výsledek doporučujeme pravidelnost a domácí péči podle našich tipů.

Kontraindikace: těhotenství, akutní záněty, otevřené rány, kovové implantáty v ošetřované oblasti a závažné kardiovaskulární potíže. Vždy nás prosím informujte o svém zdravotním stavu.",60,10,17850,"Intenzivní série pro výrazné výsledky, zpevnění, formování, výhodná cena za sezení","ems/budovani-svalu-1.jpeg, ems/budovani-svalu-2.png, ems/budovani-svalu-3.png, ems/budovani-svalu-4.png"
Tvarování těla,Budování svalů,package,Budování svalů – balíček 2 partie (8 ošetření),Profesionální budování svalů – balíček 2 partie (8 ošetření) pro viditelné zlepšení. Dlouhodobé výsledky. Délka: 60 min.,"Budování svalů – balíček 2 partie (8 ošetření) je pečlivě navržené ošetření, které cílí na klíčové potřeby pleti i těla a přináší viditelné zlepšení vzhledu i komfortu.

Jak to probíhá:
Průběh je relaxační a zároveň účinný; techniky a intenzitu volíme individuálně podle cíle ošetření. Po ošetření je obvyklý okamžitý pocit svěžesti a postupně se zlepšuje vzhled pleti či kontur.

**Co tím získáte:**
• Dlouhodobé výsledky
• postupné zpevnění
• tvarování postavy
• zlepšení vytrvalosti

Plán a doporučení:
Doporučený plán: 8. Délka ošetření: 60 min. Pro nejlepší výsledek doporučujeme pravidelnost a domácí péči podle našich tipů.

Kontraindikace: těhotenství, akutní záněty, otevřené rány, kovové implantáty v ošetřované oblasti a závažné kardiovaskulární potíže. Vždy nás prosím informujte o svém zdravotním stavu.",60,8,9880,"Dlouhodobé výsledky, postupné zpevnění, tvarování postavy, zlepšení vytrvalosti","ems/budovani-svalu-1.jpeg, ems/budovani-svalu-2.png, ems/budovani-svalu-3.png, ems/budovani-svalu-4.png"
Kosmetika,Doplňkové služby,single,Depilace obličeje,Profesionální depilace obličeje pro viditelné zlepšení. Hladká pleť. Délka: 20 min.,"Depilace obličeje je pečlivě navržené ošetření, které cílí na klíčové potřeby pleti i těla a přináší viditelné zlepšení vzhledu i komfortu.

Jak to probíhá:
Průběh je relaxační a zároveň účinný; techniky a intenzitu volíme individuálně podle cíle ošetření. Po ošetření je obvyklý okamžitý pocit svěžesti a postupně se zlepšuje vzhled pleti či kontur.

**Co tím získáte:**
• Hladká pleť
• čistší póry
• lepší aplikace makeupu
• okamžitý efekt

Plán a doporučení:
Doporučený plán: 1. Délka ošetření: 20 min. Pro nejlepší výsledek doporučujeme pravidelnost a domácí péči podle našich tipů.

Kontraindikace: těhotenství, akutní záněty, otevřené rány, kovové implantáty v ošetřované oblasti a závažné kardiovaskulární potíže. Vždy nás prosím informujte o svém zdravotním stavu.",20,1,150,"Hladká pleť, čistší póry, lepší aplikace makeupu, okamžitý efekt","kosmetika/depilace-1.jpg, kosmetika/depilace-2.jpg, kosmetika/depilace-3.jpg, kosmetika/Kosmetika Detail 2.jpeg, kosmetika/Kosmetika Detail.jpeg"
HIFU ošetření,HIFU tvář,single,HIFU facelift – celý obličej,Profesionální hifu facelift – celý obličej pro viditelné zlepšení. Zpevnění kontur. Délka: 60 min.,"HIFU facelift – celý obličej je pečlivě navržené ošetření, které cílí na klíčové potřeby pleti i těla a přináší viditelné zlepšení vzhledu i komfortu.

Jak to probíhá:
Průběh je relaxační a zároveň účinný; techniky a intenzitu volíme individuálně podle cíle ošetření. Po ošetření je obvyklý okamžitý pocit svěžesti a postupně se zlepšuje vzhled pleti či kontur.

**Co tím získáte:**
• Zpevnění kontur
• stimulace kolagenu
• vyhlazení jemných vrásek
• dlouhodobý efekt

Plán a doporučení:
Doporučený plán: 1. Délka ošetření: 60 min. Pro nejlepší výsledek doporučujeme pravidelnost a domácí péči podle našich tipů.

Kontraindikace: těhotenství, akutní záněty, otevřené rány, kovové implantáty v ošetřované oblasti a závažné kardiovaskulární potíže. Vždy nás prosím informujte o svém zdravotním stavu.",60,1,5500,"Zpevnění kontur, stimulace kolagenu, vyhlazení jemných vrásek, dlouhodobý efekt","hifu/hifu-oblicej.jpeg, hifu/hifu-oblicej2.jpeg, hifu/hifu-1.jpg, hifu/hifu-2.jpeg, hifu/hifu-3.jpeg"
HIFU ošetření,HIFU tvář,package,HIFU facelift – obličej + krk,Profesionální hifu facelift – obličej + krk pro viditelné zlepšení. Lifting obličeje i krku. Délka: 90 min.,"HIFU facelift – obličej + krk je pečlivě navržené ošetření, které cílí na klíčové potřeby pleti i těla a přináší viditelné zlepšení vzhledu i komfortu.

Jak to probíhá:
Průběh je relaxační a zároveň účinný; techniky a intenzitu volíme individuálně podle cíle ošetření. Po ošetření je obvyklý okamžitý pocit svěžesti a postupně se zlepšuje vzhled pleti či kontur.

**Co tím získáte:**
• Lifting obličeje i krku
• zpevnění kontur
• podpora kolagenu
• bez rekonvalescence

Plán a doporučení:
Doporučený plán: 1. Délka ošetření: 90 min. Pro nejlepší výsledek doporučujeme pravidelnost a domácí péči podle našich tipů.

Kontraindikace: těhotenství, akutní záněty, otevřené rány, kovové implantáty v ošetřované oblasti a závažné kardiovaskulární potíže. Vždy nás prosím informujte o svém zdravotním stavu.",90,1,6500,"Lifting obličeje i krku, zpevnění kontur, podpora kolagenu, bez rekonvalescence","hifu/hifu-oblicej.jpeg, hifu/hifu-oblicej2.jpeg, hifu/hifu-1.jpg, hifu/hifu-2.jpeg, hifu/hifu-3.jpeg"
HIFU ošetření,HIFU tvář,package,HIFU facelift – krk a podbradek,Profesionální hifu facelift – krk a podbradek pro viditelné zlepšení. Zpevnění krku. Délka: 45 min.,"HIFU facelift – krk a podbradek je pečlivě navržené ošetření, které cílí na klíčové potřeby pleti i těla a přináší viditelné zlepšení vzhledu i komfortu.

Jak to probíhá:
Průběh je relaxační a zároveň účinný; techniky a intenzitu volíme individuálně podle cíle ošetření. Po ošetření je obvyklý okamžitý pocit svěžesti a postupně se zlepšuje vzhled pleti či kontur.

**Co tím získáte:**
• Zpevnění krku
• definice linie brady
• lepší elasticita
• bez operace

Plán a doporučení:
Doporučený plán: 1. Délka ošetření: 45 min. Pro nejlepší výsledek doporučujeme pravidelnost a domácí péči podle našich tipů.

Kontraindikace: těhotenství, akutní záněty, otevřené rány, kovové implantáty v ošetřované oblasti a závažné kardiovaskulární potíže. Vždy nás prosím informujte o svém zdravotním stavu.",45,1,3900,"Zpevnění krku, definice linie brady, lepší elasticita, bez operace","hifu/hifu-1.jpg, hifu/hifu-2.jpeg, hifu/hifu-3.jpeg, hifu/hifu-4.jpeg, hifu/hifu-oblicej.jpeg"
HIFU ošetření,HIFU tvář,package,HIFU facelift – čelo a oční okolí,Profesionální hifu facelift – čelo a oční okolí pro viditelné zlepšení. Redukce jemných linek. Délka: 30 min.,"HIFU facelift – čelo a oční okolí je pečlivě navržené ošetření, které cílí na klíčové potřeby pleti i těla a přináší viditelné zlepšení vzhledu i komfortu.

Jak to probíhá:
Průběh je relaxační a zároveň účinný; techniky a intenzitu volíme individuálně podle cíle ošetření. Po ošetření je obvyklý okamžitý pocit svěžesti a postupně se zlepšuje vzhled pleti či kontur.

**Co tím získáte:**
• Redukce jemných linek
• vypnutí očního okolí
• svěžejší vzhled
• šetrné provedení

Plán a doporučení:
Doporučený plán: 1. Délka ošetření: 30 min. Pro nejlepší výsledek doporučujeme pravidelnost a domácí péči podle našich tipů.

Kontraindikace: těhotenství, akutní záněty, otevřené rány, kovové implantáty v ošetřované oblasti a závažné kardiovaskulární potíže. Vždy nás prosím informujte o svém zdravotním stavu.",30,1,2900,"Redukce jemných linek, vypnutí očního okolí, svěžejší vzhled, šetrné provedení","hifu/hifu-1.jpg, hifu/hifu-2.jpeg, hifu/hifu-3.jpeg, hifu/hifu-4.jpeg, hifu/hifu-oblicej.jpeg"
HIFU ošetření,HIFU tvář,single,HIFU facelift – dolní část obličeje,Profesionální hifu facelift – dolní část obličeje pro viditelné zlepšení. Zpevnění kontur. Délka: 60 min.,"HIFU facelift – dolní část obličeje je pečlivě navržené ošetření, které cílí na klíčové potřeby pleti i těla a přináší viditelné zlepšení vzhledu i komfortu.

Jak to probíhá:
Průběh je relaxační a zároveň účinný; techniky a intenzitu volíme individuálně podle cíle ošetření. Po ošetření je obvyklý okamžitý pocit svěžesti a postupně se zlepšuje vzhled pleti či kontur.

**Co tím získáte:**
• Zpevnění kontur
• mladistvější profil
• podpora kolagenu
• přirozený lifting

Plán a doporučení:
Doporučený plán: 1. Délka ošetření: 60 min. Pro nejlepší výsledek doporučujeme pravidelnost a domácí péči podle našich tipů.

Kontraindikace: těhotenství, akutní záněty, otevřené rány, kovové implantáty v ošetřované oblasti a závažné kardiovaskulární potíže. Vždy nás prosím informujte o svém zdravotním stavu.",60,1,4500,"Zpevnění kontur, mladistvější profil, podpora kolagenu, přirozený lifting","hifu/hifu-1.jpg, hifu/hifu-2.jpeg, hifu/hifu-3.jpeg, hifu/hifu-4.jpeg, hifu/hifu-oblicej.jpeg"
HIFU ošetření,HIFU tvář,single,HIFU facelift – oblast očí,Profesionální hifu facelift – oblast očí pro viditelné zlepšení. Redukce jemných vrásek. Délka: 30 min.,"HIFU facelift – oblast očí je pečlivě navržené ošetření, které cílí na klíčové potřeby pleti i těla a přináší viditelné zlepšení vzhledu i komfortu.

Jak to probíhá:
Průběh je relaxační a zároveň účinný; techniky a intenzitu volíme individuálně podle cíle ošetření. Po ošetření je obvyklý okamžitý pocit svěžesti a postupně se zlepšuje vzhled pleti či kontur.

**Co tím získáte:**
• Redukce jemných vrásek
• zpevnění očního okolí
• rozjasněný pohled
• šetrné ošetření

Plán a doporučení:
Doporučený plán: 1. Délka ošetření: 30 min. Pro nejlepší výsledek doporučujeme pravidelnost a domácí péči podle našich tipů.

Kontraindikace: těhotenství, akutní záněty, otevřené rány, kovové implantáty v ošetřované oblasti a závažné kardiovaskulární potíže. Vždy nás prosím informujte o svém zdravotním stavu.",30,1,2000,"Redukce jemných vrásek, zpevnění očního okolí, rozjasněný pohled, šetrné ošetření","hifu/hifu-1.jpg, hifu/hifu-2.jpeg, hifu/hifu-3.jpeg, hifu/hifu-4.jpeg, hifu/hifu-oblicej.jpeg"
HIFU ošetření,HIFU tělo,single,HIFU formování břicha – celé břicho,Profesionální hifu formování břicha – celé břicho pro viditelné zlepšení tělo. Redukce tukových buněk. Délka: 60 min.,"HIFU formování břicha – celé břicho je pečlivě navržené ošetření, které cílí na klíčové potřeby pleti i těla a přináší viditelné zlepšení vzhledu i komfortu. Zaměřujeme se na oblast: tělo.

Jak to probíhá:
Průběh je relaxační a zároveň účinný; techniky a intenzitu volíme individuálně podle cíle ošetření. Po ošetření je obvyklý okamžitý pocit svěžesti a postupně se zlepšuje vzhled pleti či kontur.

**Co tím získáte:**
• Redukce tukových buněk
• zpevnění kůže
• tvarování kontur
• stimulace kolagenu

Plán a doporučení:
Doporučený plán: 1. Délka ošetření: 60 min. Pro nejlepší výsledek doporučujeme pravidelnost a domácí péči podle našich tipů.

Kontraindikace: těhotenství, akutní záněty, otevřené rány, kovové implantáty v ošetřované oblasti a závažné kardiovaskulární potíže. Vždy nás prosím informujte o svém zdravotním stavu.",60,1,6500,"Redukce tukových buněk, zpevnění kůže, tvarování kontur, stimulace kolagenu","hifu/hifu-1.jpg, hifu/hifu-2.jpeg, hifu/hifu-3.jpeg, hifu/hifu-4.jpeg, hifu/hifu-oblicej.jpeg"
HIFU ošetření,HIFU tělo,single,HIFU formování břicha – horní část,Profesionální hifu formování břicha – horní část pro viditelné zlepšení tělo. Cílená redukce tuku. Délka: 60 min.,"HIFU formování břicha – horní část je pečlivě navržené ošetření, které cílí na klíčové potřeby pleti i těla a přináší viditelné zlepšení vzhledu i komfortu. Zaměřujeme se na oblast: tělo.

Jak to probíhá:
Průběh je relaxační a zároveň účinný; techniky a intenzitu volíme individuálně podle cíle ošetření. Po ošetření je obvyklý okamžitý pocit svěžesti a postupně se zlepšuje vzhled pleti či kontur.

**Co tím získáte:**
• Cílená redukce tuku
• zpevnění horní části
• vyhlazení kontur
• neinvazivní řešení

Plán a doporučení:
Doporučený plán: 1. Délka ošetření: 60 min. Pro nejlepší výsledek doporučujeme pravidelnost a domácí péči podle našich tipů.

Kontraindikace: těhotenství, akutní záněty, otevřené rány, kovové implantáty v ošetřované oblasti a závažné kardiovaskulární potíže. Vždy nás prosím informujte o svém zdravotním stavu.",60,1,3900,"Cílená redukce tuku, zpevnění horní části, vyhlazení kontur, neinvazivní řešení","hifu/hifu-1.jpg, hifu/hifu-2.jpeg, hifu/hifu-3.jpeg, hifu/hifu-4.jpeg, hifu/hifu-oblicej.jpeg"
HIFU ošetření,HIFU tělo,single,HIFU formování břicha – dolní část,Profesionální hifu formování břicha – dolní část pro viditelné zlepšení tělo. Redukce dolního břicha. Délka: 60 min.,"HIFU formování břicha – dolní část je pečlivě navržené ošetření, které cílí na klíčové potřeby pleti i těla a přináší viditelné zlepšení vzhledu i komfortu. Zaměřujeme se na oblast: tělo.

Jak to probíhá:
Průběh je relaxační a zároveň účinný; techniky a intenzitu volíme individuálně podle cíle ošetření. Po ošetření je obvyklý okamžitý pocit svěžesti a postupně se zlepšuje vzhled pleti či kontur.

**Co tím získáte:**
• Redukce dolního břicha
• zpevnění kůže
• vyhlazení kontur
• cílené formování

Plán a doporučení:
Doporučený plán: 1. Délka ošetření: 60 min. Pro nejlepší výsledek doporučujeme pravidelnost a domácí péči podle našich tipů.

Kontraindikace: těhotenství, akutní záněty, otevřené rány, kovové implantáty v ošetřované oblasti a závažné kardiovaskulární potíže. Vždy nás prosím informujte o svém zdravotním stavu.",60,1,3900,"Redukce dolního břicha, zpevnění kůže, vyhlazení kontur, cílené formování","hifu/hifu-1.jpg, hifu/hifu-2.jpeg, hifu/hifu-3.jpeg, hifu/hifu-4.jpeg, hifu/hifu-oblicej.jpeg"
HIFU ošetření,HIFU tělo,single,HIFU formování paží,Profesionální hifu formování paží pro viditelné zlepšení tělo. Zpevnění paží. Délka: 60 min.,"HIFU formování paží je pečlivě navržené ošetření, které cílí na klíčové potřeby pleti i těla a přináší viditelné zlepšení vzhledu i komfortu. Zaměřujeme se na oblast: tělo.

Jak to probíhá:
Průběh je relaxační a zároveň účinný; techniky a intenzitu volíme individuálně podle cíle ošetření. Po ošetření je obvyklý okamžitý pocit svěžesti a postupně se zlepšuje vzhled pleti či kontur.

**Co tím získáte:**
• Zpevnění paží
• redukce tuku
• zlepšení kontur
• bez rekonvalescence

Plán a doporučení:
Doporučený plán: 1. Délka ošetření: 60 min. Pro nejlepší výsledek doporučujeme pravidelnost a domácí péči podle našich tipů.

Kontraindikace: těhotenství, akutní záněty, otevřené rány, kovové implantáty v ošetřované oblasti a závažné kardiovaskulární potíže. Vždy nás prosím informujte o svém zdravotním stavu.",60,1,4900,"Zpevnění paží, redukce tuku, zlepšení kontur, bez rekonvalescence","hifu/hifu-1.jpg, hifu/hifu-2.jpeg, hifu/hifu-3.jpeg, hifu/hifu-4.jpeg, hifu/hifu-oblicej.jpeg"
HIFU ošetření,HIFU tělo,single,HIFU formování stehen – jedna oblast,Profesionální hifu formování stehen – jedna oblast pro viditelné zlepšení tělo. Cílené zeštíhlení. Délka: 60 min.,"HIFU formování stehen – jedna oblast je pečlivě navržené ošetření, které cílí na klíčové potřeby pleti i těla a přináší viditelné zlepšení vzhledu i komfortu. Zaměřujeme se na oblast: tělo.

Jak to probíhá:
Průběh je relaxační a zároveň účinný; techniky a intenzitu volíme individuálně podle cíle ošetření. Po ošetření je obvyklý okamžitý pocit svěžesti a postupně se zlepšuje vzhled pleti či kontur.

**Co tím získáte:**
• Cílené zeštíhlení
• zpevnění vybrané oblasti
• vyhlazení kontur
• přirozený výsledek

Plán a doporučení:
Doporučený plán: 1. Délka ošetření: 60 min. Pro nejlepší výsledek doporučujeme pravidelnost a domácí péči podle našich tipů.

Kontraindikace: těhotenství, akutní záněty, otevřené rány, kovové implantáty v ošetřované oblasti a závažné kardiovaskulární potíže. Vždy nás prosím informujte o svém zdravotním stavu.",60,1,6500,"Cílené zeštíhlení, zpevnění vybrané oblasti, vyhlazení kontur, přirozený výsledek","hifu/hifu-1.jpg, hifu/hifu-2.jpeg, hifu/hifu-3.jpeg, hifu/hifu-4.jpeg, hifu/hifu-oblicej.jpeg"
HIFU ošetření,HIFU tělo,single,HIFU formování stehen – obě části,Profesionální hifu formování stehen – obě části pro viditelné zlepšení tělo. Komplexní zeštíhlení stehen. Délka: 60 min.,"HIFU formování stehen – obě části je pečlivě navržené ošetření, které cílí na klíčové potřeby pleti i těla a přináší viditelné zlepšení vzhledu i komfortu. Zaměřujeme se na oblast: tělo.

Jak to probíhá:
Průběh je relaxační a zároveň účinný; techniky a intenzitu volíme individuálně podle cíle ošetření. Po ošetření je obvyklý okamžitý pocit svěžesti a postupně se zlepšuje vzhled pleti či kontur.

**Co tím získáte:**
• Komplexní zeštíhlení stehen
• celkové zpevnění
• harmonické kontury
• viditelný efekt

Plán a doporučení:
Doporučený plán: 1. Délka ošetření: 60 min. Pro nejlepší výsledek doporučujeme pravidelnost a domácí péči podle našich tipů.

Kontraindikace: těhotenství, akutní záněty, otevřené rány, kovové implantáty v ošetřované oblasti a závažné kardiovaskulární potíže. Vždy nás prosím informujte o svém zdravotním stavu.",60,1,9000,"Komplexní zeštíhlení stehen, celkové zpevnění, harmonické kontury, viditelný efekt","hifu/hifu-1.jpg, hifu/hifu-2.jpeg, hifu/hifu-3.jpeg, hifu/hifu-4.jpeg, hifu/hifu-oblicej.jpeg"
HIFU ošetření,HIFU tělo,single,HIFU omlazení kolen,Profesionální hifu omlazení kolen pro viditelné zlepšení tělo. Vypnutí kůže. Délka: 60 min.,"HIFU omlazení kolen je pečlivě navržené ošetření, které cílí na klíčové potřeby pleti i těla a přináší viditelné zlepšení vzhledu i komfortu. Zaměřujeme se na oblast: tělo.

Jak to probíhá:
Průběh je relaxační a zároveň účinný; techniky a intenzitu volíme individuálně podle cíle ošetření. Po ošetření je obvyklý okamžitý pocit svěžesti a postupně se zlepšuje vzhled pleti či kontur.

**Co tím získáte:**
• Vypnutí kůže
• zpevnění oblasti kolen
• mladistvější vzhled
• stimulace kolagenu

Plán a doporučení:
Doporučený plán: 1. Délka ošetření: 60 min. Pro nejlepší výsledek doporučujeme pravidelnost a domácí péči podle našich tipů.

Kontraindikace: těhotenství, akutní záněty, otevřené rány, kovové implantáty v ošetřované oblasti a závažné kardiovaskulární potíže. Vždy nás prosím informujte o svém zdravotním stavu.",60,1,3500,"Vypnutí kůže, zpevnění oblasti kolen, mladistvější vzhled, stimulace kolagenu","hifu/hifu-1.jpg, hifu/hifu-2.jpeg, hifu/hifu-3.jpeg, hifu/hifu-4.jpeg, hifu/hifu-oblicej.jpeg"
HIFU ošetření,HIFU tělo,package,HIFU facelift – balíček obličej + krk + dekolt,Profesionální hifu facelift – balíček obličej + krk + dekolt pro viditelné zlepšení tělo. Komplexní lifting efekt. Délka: 60 min.,"HIFU facelift – balíček obličej + krk + dekolt je pečlivě navržené ošetření, které cílí na klíčové potřeby pleti i těla a přináší viditelné zlepšení vzhledu i komfortu. Zaměřujeme se na oblast: tělo.

Jak to probíhá:
Průběh je relaxační a zároveň účinný; techniky a intenzitu volíme individuálně podle cíle ošetření. Po ošetření je obvyklý okamžitý pocit svěžesti a postupně se zlepšuje vzhled pleti či kontur.

**Co tím získáte:**
• Komplexní lifting efekt
• zpevnění kontur
• redukce vrásek
• stimulace kolagenu

Plán a doporučení:
Doporučený plán: 1. Délka ošetření: 60 min. Pro nejlepší výsledek doporučujeme pravidelnost a domácí péči podle našich tipů.

Kontraindikace: těhotenství, akutní záněty, otevřené rány, kovové implantáty v ošetřované oblasti a závažné kardiovaskulární potíže. Vždy nás prosím informujte o svém zdravotním stavu.",60,1,8900,"Komplexní lifting efekt, zpevnění kontur, redukce vrásek, stimulace kolagenu","hifu/hifu-oblicej.jpeg, hifu/hifu-oblicej2.jpeg, hifu/hifu-1.jpg, hifu/hifu-2.jpeg, hifu/hifu-3.jpeg"
HIFU ošetření,HIFU tělo,package,HIFU tvarování těla – individuální balíček,Profesionální hifu tvarování těla – individuální balíček pro viditelné zlepšení tělo. Individuální plán. Délka: 60 min.,"HIFU tvarování těla – individuální balíček je pečlivě navržené ošetření, které cílí na klíčové potřeby pleti i těla a přináší viditelné zlepšení vzhledu i komfortu. Zaměřujeme se na oblast: tělo.

Jak to probíhá:
Průběh je relaxační a zároveň účinný; techniky a intenzitu volíme individuálně podle cíle ošetření. Po ošetření je obvyklý okamžitý pocit svěžesti a postupně se zlepšuje vzhled pleti či kontur.

**Co tím získáte:**
• Individuální plán
• komplexní formování
• cílené tvarování vybraných partií
• personalizovaný přístup

Plán a doporučení:
Doporučený plán: 1. Délka ošetření: 60 min. Pro nejlepší výsledek doporučujeme pravidelnost a domácí péči podle našich tipů.

Kontraindikace: těhotenství, akutní záněty, otevřené rány, kovové implantáty v ošetřované oblasti a závažné kardiovaskulární potíže. Vždy nás prosím informujte o svém zdravotním stavu.",60,1,12900,"Individuální plán, komplexní formování, cílené tvarování vybraných partií, personalizovaný přístup","hifu/hifu-1.jpg, hifu/hifu-2.jpeg, hifu/hifu-3.jpeg, hifu/hifu-4.jpeg, hifu/hifu-oblicej.jpeg"
Tvarování těla,Endos-roller,single,Endos-roller – paže a předloktí,Profesionální endos-roller – paže a předloktí pro viditelné zlepšení. Odvodnění paží. Délka: 45 min.,"Endos-roller – paže a předloktí je pečlivě navržené ošetření, které cílí na klíčové potřeby pleti i těla a přináší viditelné zlepšení vzhledu i komfortu.

Jak to probíhá:
Průběh je relaxační a zároveň účinný; techniky a intenzitu volíme individuálně podle cíle ošetření. Po ošetření je obvyklý okamžitý pocit svěžesti a postupně se zlepšuje vzhled pleti či kontur.

**Co tím získáte:**
• Odvodnění paží
• zlepšení cirkulace
• jemné zpevnění
• úleva od únavy

Plán a doporučení:
Doporučený plán: 1. Délka ošetření: 45 min. Pro nejlepší výsledek doporučujeme pravidelnost a domácí péči podle našich tipů.

Kontraindikace: těhotenství, akutní záněty, otevřené rány, kovové implantáty v ošetřované oblasti a závažné kardiovaskulární potíže. Vždy nás prosím informujte o svém zdravotním stavu.",45,1,850,"Odvodnění paží, zlepšení cirkulace, jemné zpevnění, úleva od únavy","ems/budovani-svalu-1.jpeg, ems/budovani-svalu-2.png, ems/budovani-svalu-3.png, ems/budovani-svalu-4.png"
Tvarování těla,Endos-roller,single,Endos-roller – 1 partie,Profesionální endos-roller – 1 partie pro viditelné zlepšení. Odvodnění. Délka: 45 min.,"Endos-roller – 1 partie je pečlivě navržené ošetření, které cílí na klíčové potřeby pleti i těla a přináší viditelné zlepšení vzhledu i komfortu.

Jak to probíhá:
Průběh je relaxační a zároveň účinný; techniky a intenzitu volíme individuálně podle cíle ošetření. Po ošetření je obvyklý okamžitý pocit svěžesti a postupně se zlepšuje vzhled pleti či kontur.

**Co tím získáte:**
• Odvodnění
• podpora mikrocirkulace
• tvarování
• vyhlazení kontur

Plán a doporučení:
Doporučený plán: 1. Délka ošetření: 45 min. Pro nejlepší výsledek doporučujeme pravidelnost a domácí péči podle našich tipů.

Kontraindikace: těhotenství, akutní záněty, otevřené rány, kovové implantáty v ošetřované oblasti a závažné kardiovaskulární potíže. Vždy nás prosím informujte o svém zdravotním stavu.",45,1,1050,"Odvodnění, podpora mikrocirkulace, tvarování, vyhlazení kontur","ems/budovani-svalu-1.jpeg, ems/budovani-svalu-2.png, ems/budovani-svalu-3.png, ems/budovani-svalu-4.png"
Tvarování těla,Endos-roller,package,Endos-roller – balíček 5 ošetření (1 partie),Profesionální endos-roller – balíček 5 ošetření (1 partie) pro viditelné zlepšení. Stabilní výsledky. Délka: 45 min.,"Endos-roller – balíček 5 ošetření (1 partie) je pečlivě navržené ošetření, které cílí na klíčové potřeby pleti i těla a přináší viditelné zlepšení vzhledu i komfortu.

Jak to probíhá:
Průběh je relaxační a zároveň účinný; techniky a intenzitu volíme individuálně podle cíle ošetření. Po ošetření je obvyklý okamžitý pocit svěžesti a postupně se zlepšuje vzhled pleti či kontur.

**Co tím získáte:**
• Stabilní výsledky
• odvodnění
• zpevnění tkání
• zlepšení mikrocirkulace

Plán a doporučení:
Doporučený plán: 5. Délka ošetření: 45 min. Pro nejlepší výsledek doporučujeme pravidelnost a domácí péči podle našich tipů.

Kontraindikace: těhotenství, akutní záněty, otevřené rány, kovové implantáty v ošetřované oblasti a závažné kardiovaskulární potíže. Vždy nás prosím informujte o svém zdravotním stavu.",45,5,4725,"Stabilní výsledky, odvodnění, zpevnění tkání, zlepšení mikrocirkulace","ems/budovani-svalu-1.jpeg, ems/budovani-svalu-2.png, ems/budovani-svalu-3.png, ems/budovani-svalu-4.png"
Tvarování těla,Endos-roller,package,Endos-roller – balíček 10 ošetření (1 partie),Profesionální endos-roller – balíček 10 ošetření (1 partie) pro viditelné zlepšení. Dlouhodobé zlepšení. Délka: 45 min.,"Endos-roller – balíček 10 ošetření (1 partie) je pečlivě navržené ošetření, které cílí na klíčové potřeby pleti i těla a přináší viditelné zlepšení vzhledu i komfortu.

Jak to probíhá:
Průběh je relaxační a zároveň účinný; techniky a intenzitu volíme individuálně podle cíle ošetření. Po ošetření je obvyklý okamžitý pocit svěžesti a postupně se zlepšuje vzhled pleti či kontur.

**Co tím získáte:**
• Dlouhodobé zlepšení
• tvarování postavy
• odvodnění
• viditelné výsledky

Plán a doporučení:
Doporučený plán: 10. Délka ošetření: 45 min. Pro nejlepší výsledek doporučujeme pravidelnost a domácí péči podle našich tipů.

Kontraindikace: těhotenství, akutní záněty, otevřené rány, kovové implantáty v ošetřované oblasti a závažné kardiovaskulární potíže. Vždy nás prosím informujte o svém zdravotním stavu.",45,10,8925,"Dlouhodobé zlepšení, tvarování postavy, odvodnění, viditelné výsledky","ems/budovani-svalu-1.jpeg, ems/budovani-svalu-2.png, ems/budovani-svalu-3.png, ems/budovani-svalu-4.png"
Tvarování těla,Endos-roller,single,Endos-roller – 2 partie,Profesionální endos-roller – 2 partie pro viditelné zlepšení. Cílené odvodnění dvou partií. Délka: 60 min.,"Endos-roller – 2 partie je pečlivě navržené ošetření, které cílí na klíčové potřeby pleti i těla a přináší viditelné zlepšení vzhledu i komfortu.

Jak to probíhá:
Průběh je relaxační a zároveň účinný; techniky a intenzitu volíme individuálně podle cíle ošetření. Po ošetření je obvyklý okamžitý pocit svěžesti a postupně se zlepšuje vzhled pleti či kontur.

**Co tím získáte:**
• Cílené odvodnění dvou partií
• zpevnění
• časová úspora
• komplexní péče

Plán a doporučení:
Doporučený plán: 1. Délka ošetření: 60 min. Pro nejlepší výsledek doporučujeme pravidelnost a domácí péči podle našich tipů.

Kontraindikace: těhotenství, akutní záněty, otevřené rány, kovové implantáty v ošetřované oblasti a závažné kardiovaskulární potíže. Vždy nás prosím informujte o svém zdravotním stavu.",60,1,1500,"Cílené odvodnění dvou partií, zpevnění, časová úspora, komplexní péče","ems/budovani-svalu-1.jpeg, ems/budovani-svalu-2.png, ems/budovani-svalu-3.png, ems/budovani-svalu-4.png"
Tvarování těla,Endos-roller,single,Endos-roller – celé tělo,Profesionální endos-roller – celé tělo pro viditelné zlepšení. Lymfatická drenáž. Délka: 75 min.,"Endos-roller – celé tělo je pečlivě navržené ošetření, které cílí na klíčové potřeby pleti i těla a přináší viditelné zlepšení vzhledu i komfortu.

Jak to probíhá:
Průběh je relaxační a zároveň účinný; techniky a intenzitu volíme individuálně podle cíle ošetření. Po ošetření je obvyklý okamžitý pocit svěžesti a postupně se zlepšuje vzhled pleti či kontur.

**Co tím získáte:**
• Lymfatická drenáž
• celkové odvodnění
• úleva od těžkých nohou
• mikrocirkulace

Plán a doporučení:
Doporučený plán: 1. Délka ošetření: 75 min. Pro nejlepší výsledek doporučujeme pravidelnost a domácí péči podle našich tipů.

Kontraindikace: těhotenství, akutní záněty, otevřené rány, kovové implantáty v ošetřované oblasti a závažné kardiovaskulární potíže. Vždy nás prosím informujte o svém zdravotním stavu.",75,1,1900,"Lymfatická drenáž, celkové odvodnění, úleva od těžkých nohou, mikrocirkulace","ems/budovani-svalu-1.jpeg, ems/budovani-svalu-2.png, ems/budovani-svalu-3.png, ems/budovani-svalu-4.png"
Tvarování těla,Endos-roller,package,Endos-roller – balíček 6 ošetření (celé tělo),Profesionální endos-roller – balíček 6 ošetření (celé tělo) pro viditelné zlepšení. Podpora lymfy. Délka: 75 min.,"Endos-roller – balíček 6 ošetření (celé tělo) je pečlivě navržené ošetření, které cílí na klíčové potřeby pleti i těla a přináší viditelné zlepšení vzhledu i komfortu.

Jak to probíhá:
Průběh je relaxační a zároveň účinný; techniky a intenzitu volíme individuálně podle cíle ošetření. Po ošetření je obvyklý okamžitý pocit svěžesti a postupně se zlepšuje vzhled pleti či kontur.

**Co tím získáte:**
• Podpora lymfy
• zpevnění celého těla
• odlehčení
• hladší kontury

Plán a doporučení:
Doporučený plán: 6. Délka ošetření: 75 min. Pro nejlepší výsledek doporučujeme pravidelnost a domácí péči podle našich tipů.

Kontraindikace: těhotenství, akutní záněty, otevřené rány, kovové implantáty v ošetřované oblasti a závažné kardiovaskulární potíže. Vždy nás prosím informujte o svém zdravotním stavu.",75,6,10260,"Podpora lymfy, zpevnění celého těla, odlehčení, hladší kontury","ems/budovani-svalu-1.jpeg, ems/budovani-svalu-2.png, ems/budovani-svalu-3.png, ems/budovani-svalu-4.png"
Tvarování těla,Endos-roller,package,Endos-roller – balíček 10 ošetření (celé tělo),Profesionální endos-roller – balíček 10 ošetření (celé tělo) pro viditelné zlepšení. Dlouhodobá podpora lymfy. Délka: 75 min.,"Endos-roller – balíček 10 ošetření (celé tělo) je pečlivě navržené ošetření, které cílí na klíčové potřeby pleti i těla a přináší viditelné zlepšení vzhledu i komfortu.

Jak to probíhá:
Průběh je relaxační a zároveň účinný; techniky a intenzitu volíme individuálně podle cíle ošetření. Po ošetření je obvyklý okamžitý pocit svěžesti a postupně se zlepšuje vzhled pleti či kontur.

**Co tím získáte:**
• Dlouhodobá podpora lymfy
• celkové zpevnění
• odvodnění
• viditelná transformace

Plán a doporučení:
Doporučený plán: 10. Délka ošetření: 75 min. Pro nejlepší výsledek doporučujeme pravidelnost a domácí péči podle našich tipů.

Kontraindikace: těhotenství, akutní záněty, otevřené rány, kovové implantáty v ošetřované oblasti a závažné kardiovaskulární potíže. Vždy nás prosím informujte o svém zdravotním stavu.",75,10,16150,"Dlouhodobá podpora lymfy, celkové zpevnění, odvodnění, viditelná transformace","ems/budovani-svalu-1.jpeg, ems/budovani-svalu-2.png, ems/budovani-svalu-3.png, ems/budovani-svalu-4.png"
Tvarování těla,Endos-roller,single,Endos-roller – obličej a dekolt,Profesionální endos-roller – obličej a dekolt pro viditelné zlepšení. Odvodnění obličeje. Délka: 30 min.,"Endos-roller – obličej a dekolt je pečlivě navržené ošetření, které cílí na klíčové potřeby pleti i těla a přináší viditelné zlepšení vzhledu i komfortu.

Jak to probíhá:
Průběh je relaxační a zároveň účinný; techniky a intenzitu volíme individuálně podle cíle ošetření. Po ošetření je obvyklý okamžitý pocit svěžesti a postupně se zlepšuje vzhled pleti či kontur.

**Co tím získáte:**
• Odvodnění obličeje
• redukce otoků
• rozjasnění
• podpora mikrocirkulace

Plán a doporučení:
Doporučený plán: 1. Délka ošetření: 30 min. Pro nejlepší výsledek doporučujeme pravidelnost a domácí péči podle našich tipů.

Kontraindikace: těhotenství, akutní záněty, otevřené rány, kovové implantáty v ošetřované oblasti a závažné kardiovaskulární potíže. Vždy nás prosím informujte o svém zdravotním stavu.",30,1,600,"Odvodnění obličeje, redukce otoků, rozjasnění, podpora mikrocirkulace","ems/budovani-svalu-1.jpeg, ems/budovani-svalu-2.png, ems/budovani-svalu-3.png, ems/budovani-svalu-4.png"
Tvarování těla,Endos-roller,package,Endos-roller – balíček 6 ošetření (obličej a dekolt),Profesionální endos-roller – balíček 6 ošetření (obličej a dekolt) pro viditelné zlepšení. Podpora lymfy v obličeji. Délka: 30 min.,"Endos-roller – balíček 6 ošetření (obličej a dekolt) je pečlivě navržené ošetření, které cílí na klíčové potřeby pleti i těla a přináší viditelné zlepšení vzhledu i komfortu.

Jak to probíhá:
Průběh je relaxační a zároveň účinný; techniky a intenzitu volíme individuálně podle cíle ošetření. Po ošetření je obvyklý okamžitý pocit svěžesti a postupně se zlepšuje vzhled pleti či kontur.

**Co tím získáte:**
• Podpora lymfy v obličeji
• zpevnění
• hladší kontury
• dlouhodobá svěžest

Plán a doporučení:
Doporučený plán: 6. Délka ošetření: 30 min. Pro nejlepší výsledek doporučujeme pravidelnost a domácí péči podle našich tipů.

Kontraindikace: těhotenství, akutní záněty, otevřené rány, kovové implantáty v ošetřované oblasti a závažné kardiovaskulární potíže. Vždy nás prosím informujte o svém zdravotním stavu.",30,6,3240,"Podpora lymfy v obličeji, zpevnění, hladší kontury, dlouhodobá svěžest","ems/budovani-svalu-1.jpeg, ems/budovani-svalu-2.png, ems/budovani-svalu-3.png, ems/budovani-svalu-4.png"
Tvarování těla,Endos-roller,package,Endos-roller – balíček 10 ošetření (obličej a dekolt),Profesionální endos-roller – balíček 10 ošetření (obličej a dekolt) pro viditelné zlepšení. Dlouhodobé zlepšení pleti. Délka: 30 min.,"Endos-roller – balíček 10 ošetření (obličej a dekolt) je pečlivě navržené ošetření, které cílí na klíčové potřeby pleti i těla a přináší viditelné zlepšení vzhledu i komfortu.

Jak to probíhá:
Průběh je relaxační a zároveň účinný; techniky a intenzitu volíme individuálně podle cíle ošetření. Po ošetření je obvyklý okamžitý pocit svěžesti a postupně se zlepšuje vzhled pleti či kontur.

**Co tím získáte:**
• Dlouhodobé zlepšení pleti
• zpevnění
• tvarování
• zářivý vzhled

Plán a doporučení:
Doporučený plán: 10. Délka ošetření: 30 min. Pro nejlepší výsledek doporučujeme pravidelnost a domácí péči podle našich tipů.

Kontraindikace: těhotenství, akutní záněty, otevřené rány, kovové implantáty v ošetřované oblasti a závažné kardiovaskulární potíže. Vždy nás prosím informujte o svém zdravotním stavu.",30,10,5100,"Dlouhodobé zlepšení pleti, zpevnění, tvarování, zářivý vzhled","ems/budovani-svalu-1.jpeg, ems/budovani-svalu-2.png, ems/budovani-svalu-3.png, ems/budovani-svalu-4.png"
Tvarování těla,Kavitace,single,Kavitace – paže,Profesionální kavitace – paže pro viditelné zlepšení. Redukce tuku na pažích. Délka: 60 min.,"Kavitace – paže je pečlivě navržené ošetření, které cílí na klíčové potřeby pleti i těla a přináší viditelné zlepšení vzhledu i komfortu.

Jak to probíhá:
Průběh je relaxační a zároveň účinný; techniky a intenzitu volíme individuálně podle cíle ošetření. Po ošetření je obvyklý okamžitý pocit svěžesti a postupně se zlepšuje vzhled pleti či kontur.

**Co tím získáte:**
• Redukce tuku na pažích
• neinvazivní metoda
• vyhlazení pokožky
• tvarování kontur

Plán a doporučení:
Doporučený plán: 1. Délka ošetření: 60 min. Pro nejlepší výsledek doporučujeme pravidelnost a domácí péči podle našich tipů.

Kontraindikace: těhotenství, akutní záněty, otevřené rány, kovové implantáty v ošetřované oblasti a závažné kardiovaskulární potíže. Vždy nás prosím informujte o svém zdravotním stavu.",60,1,900,"Redukce tuku na pažích, neinvazivní metoda, vyhlazení pokožky, tvarování kontur","ems/budovani-svalu-1.jpeg, ems/budovani-svalu-2.png, ems/budovani-svalu-3.png, ems/budovani-svalu-4.png"
Tvarování těla,Kavitace,single,Kavitace – břicho,Profesionální kavitace – břicho pro viditelné zlepšení. Redukce tuku na břiše. Délka: 60 min.,"Kavitace – břicho je pečlivě navržené ošetření, které cílí na klíčové potřeby pleti i těla a přináší viditelné zlepšení vzhledu i komfortu.

Jak to probíhá:
Průběh je relaxační a zároveň účinný; techniky a intenzitu volíme individuálně podle cíle ošetření. Po ošetření je obvyklý okamžitý pocit svěžesti a postupně se zlepšuje vzhled pleti či kontur.

**Co tím získáte:**
• Redukce tuku na břiše
• neinvazivní zeštíhlení
• vyhlazení kontur
• tvarování

Plán a doporučení:
Doporučený plán: 1. Délka ošetření: 60 min. Pro nejlepší výsledek doporučujeme pravidelnost a domácí péči podle našich tipů.

Kontraindikace: těhotenství, akutní záněty, otevřené rány, kovové implantáty v ošetřované oblasti a závažné kardiovaskulární potíže. Vždy nás prosím informujte o svém zdravotním stavu.",60,1,1100,"Redukce tuku na břiše, neinvazivní zeštíhlení, vyhlazení kontur, tvarování","ems/budovani-svalu-1.jpeg, ems/budovani-svalu-2.png, ems/budovani-svalu-3.png, ems/budovani-svalu-4.png"
Tvarování těla,Kavitace,single,Kavitace – nohy,Profesionální kavitace – nohy pro viditelné zlepšení. Zeštíhlení nohou. Délka: 60 min.,"Kavitace – nohy je pečlivě navržené ošetření, které cílí na klíčové potřeby pleti i těla a přináší viditelné zlepšení vzhledu i komfortu.

Jak to probíhá:
Průběh je relaxační a zároveň účinný; techniky a intenzitu volíme individuálně podle cíle ošetření. Po ošetření je obvyklý okamžitý pocit svěžesti a postupně se zlepšuje vzhled pleti či kontur.

**Co tím získáte:**
• Zeštíhlení nohou
• redukce tuku
• vyhlazení pokožky
• tvarování kontur

Plán a doporučení:
Doporučený plán: 1. Délka ošetření: 60 min. Pro nejlepší výsledek doporučujeme pravidelnost a domácí péči podle našich tipů.

Kontraindikace: těhotenství, akutní záněty, otevřené rány, kovové implantáty v ošetřované oblasti a závažné kardiovaskulární potíže. Vždy nás prosím informujte o svém zdravotním stavu.",60,1,1100,"Zeštíhlení nohou, redukce tuku, vyhlazení pokožky, tvarování kontur","ems/budovani-svalu-1.jpeg, ems/budovani-svalu-2.png, ems/budovani-svalu-3.png, ems/budovani-svalu-4.png"
Tvarování těla,Kavitace,single,Kavitace – hýždě,Profesionální kavitace – hýždě pro viditelné zlepšení. Redukce tuku na hýždích. Délka: 60 min.,"Kavitace – hýždě je pečlivě navržené ošetření, které cílí na klíčové potřeby pleti i těla a přináší viditelné zlepšení vzhledu i komfortu.

Jak to probíhá:
Průběh je relaxační a zároveň účinný; techniky a intenzitu volíme individuálně podle cíle ošetření. Po ošetření je obvyklý okamžitý pocit svěžesti a postupně se zlepšuje vzhled pleti či kontur.

**Co tím získáte:**
• Redukce tuku na hýždích
• zpevnění
• tvarování kontur
• vyhlazení pokožky

Plán a doporučení:
Doporučený plán: 1. Délka ošetření: 60 min. Pro nejlepší výsledek doporučujeme pravidelnost a domácí péči podle našich tipů.

Kontraindikace: těhotenství, akutní záněty, otevřené rány, kovové implantáty v ošetřované oblasti a závažné kardiovaskulární potíže. Vždy nás prosím informujte o svém zdravotním stavu.",60,1,1100,"Redukce tuku na hýždích, zpevnění, tvarování kontur, vyhlazení pokožky","ems/budovani-svalu-1.jpeg, ems/budovani-svalu-2.png, ems/budovani-svalu-3.png, ems/budovani-svalu-4.png"
Tvarování těla,Kavitace,single,Kavitace – 2 partie,Profesionální kavitace – 2 partie pro viditelné zlepšení. Redukce tuku ve dvou partiích. Délka: 100 min.,"Kavitace – 2 partie je pečlivě navržené ošetření, které cílí na klíčové potřeby pleti i těla a přináší viditelné zlepšení vzhledu i komfortu.

Jak to probíhá:
Průběh je relaxační a zároveň účinný; techniky a intenzitu volíme individuálně podle cíle ošetření. Po ošetření je obvyklý okamžitý pocit svěžesti a postupně se zlepšuje vzhled pleti či kontur.

**Co tím získáte:**
• Redukce tuku ve dvou partiích
• redukce celulitidy
• neinvazivní metoda
• časová úspora

Plán a doporučení:
Doporučený plán: 1. Délka ošetření: 100 min. Pro nejlepší výsledek doporučujeme pravidelnost a domácí péči podle našich tipů.

Kontraindikace: těhotenství, akutní záněty, otevřené rány, kovové implantáty v ošetřované oblasti a závažné kardiovaskulární potíže. Vždy nás prosím informujte o svém zdravotním stavu.",100,1,2000,"Redukce tuku ve dvou partiích, redukce celulitidy, neinvazivní metoda, časová úspora","ems/budovani-svalu-1.jpeg, ems/budovani-svalu-2.png, ems/budovani-svalu-3.png, ems/budovani-svalu-4.png"
Tvarování těla,LPG endermologie,single,LPG – celé tělo,Profesionální lpg – celé tělo pro viditelné zlepšení. Zlepšení cirkulace. Délka: 60 min.,"LPG – celé tělo je pečlivě navržené ošetření, které cílí na klíčové potřeby pleti i těla a přináší viditelné zlepšení vzhledu i komfortu.

Jak to probíhá:
Průběh je relaxační a zároveň účinný; techniky a intenzitu volíme individuálně podle cíle ošetření. Po ošetření je obvyklý okamžitý pocit svěžesti a postupně se zlepšuje vzhled pleti či kontur.

**Co tím získáte:**
• Zlepšení cirkulace
• zvýšení pružnosti
• redukce celulitidy
• tvarování postavy

Plán a doporučení:
Doporučený plán: 1. Délka ošetření: 60 min. Pro nejlepší výsledek doporučujeme pravidelnost a domácí péči podle našich tipů.

Kontraindikace: těhotenství, akutní záněty, otevřené rány, kovové implantáty v ošetřované oblasti a závažné kardiovaskulární potíže. Vždy nás prosím informujte o svém zdravotním stavu.",60,1,1600,"Zlepšení cirkulace, zvýšení pružnosti, redukce celulitidy, tvarování postavy","ems/budovani-svalu-1.jpeg, ems/budovani-svalu-2.png, ems/budovani-svalu-3.png, ems/budovani-svalu-4.png"
Ostatní služby,Obličejové procedury,single,Obličejová modelace + lifting,Profesionální obličejová modelace + lifting pro viditelné zlepšení obličej. Vypnutí pleti. Délka: 60 min.,"Obličejová modelace + lifting je pečlivě navržené ošetření, které cílí na klíčové potřeby pleti i těla a přináší viditelné zlepšení vzhledu i komfortu. Zaměřujeme se na oblast: obličej.

Jak to probíhá:
Průběh je relaxační a zároveň účinný; techniky a intenzitu volíme individuálně podle cíle ošetření. Po ošetření je obvyklý okamžitý pocit svěžesti a postupně se zlepšuje vzhled pleti či kontur.

**Co tím získáte:**
• Vypnutí pleti
• konturace obličeje
• odvodnění
• viditelný lifting efekt

Plán a doporučení:
Doporučený plán: 1. Délka ošetření: 60 min. Pro nejlepší výsledek doporučujeme pravidelnost a domácí péči podle našich tipů.

Kontraindikace: těhotenství, akutní záněty, otevřené rány, kovové implantáty v ošetřované oblasti a závažné kardiovaskulární potíže. Vždy nás prosím informujte o svém zdravotním stavu.",60,1,700,"Vypnutí pleti, konturace obličeje, odvodnění, viditelný lifting efekt",service-ostatni.jpg
Ostatní služby,Péče o vlasy,single,Prodloužení vlasů – nové nasazení,Profesionální prodloužení vlasů – nové nasazení pro viditelné zlepšení. Přirozený vzhled. Délka: 180 min.,"Prodloužení vlasů – nové nasazení je pečlivě navržené ošetření, které cílí na klíčové potřeby pleti i těla a přináší viditelné zlepšení vzhledu i komfortu.

Jak to probíhá:
Průběh je relaxační a zároveň účinný; techniky a intenzitu volíme individuálně podle cíle ošetření. Po ošetření je obvyklý okamžitý pocit svěžesti a postupně se zlepšuje vzhled pleti či kontur.

**Co tím získáte:**
• Přirozený vzhled
• bezpečné uchycení
• delší vlasy
• bez poškození

Plán a doporučení:
Doporučený plán: 1. Délka ošetření: 180 min. Pro nejlepší výsledek doporučujeme pravidelnost a domácí péči podle našich tipů.

Kontraindikace: těhotenství, akutní záněty, otevřené rány, kovové implantáty v ošetřované oblasti a závažné kardiovaskulární potíže. Vždy nás prosím informujte o svém zdravotním stavu.",180,1,26,"Přirozený vzhled, bezpečné uchycení, delší vlasy, bez poškození",service-ostatni.jpg
Ostatní služby,Péče o vlasy,single,Prodloužení vlasů – posunutí,Profesionální prodloužení vlasů – posunutí pro viditelné zlepšení. Komfortní nošení. Délka: 120 min.,"Prodloužení vlasů – posunutí je pečlivě navržené ošetření, které cílí na klíčové potřeby pleti i těla a přináší viditelné zlepšení vzhledu i komfortu.

Jak to probíhá:
Průběh je relaxační a zároveň účinný; techniky a intenzitu volíme individuálně podle cíle ošetření. Po ošetření je obvyklý okamžitý pocit svěžesti a postupně se zlepšuje vzhled pleti či kontur.

**Co tím získáte:**
• Komfortní nošení
• delší životnost spojů
• profesionální údržba
• zdravé vlasy

Plán a doporučení:
Doporučený plán: 1. Délka ošetření: 120 min. Pro nejlepší výsledek doporučujeme pravidelnost a domácí péči podle našich tipů.

Kontraindikace: těhotenství, akutní záněty, otevřené rány, kovové implantáty v ošetřované oblasti a závažné kardiovaskulární potíže. Vždy nás prosím informujte o svém zdravotním stavu.",120,1,29,"Komfortní nošení, delší životnost spojů, profesionální údržba, zdravé vlasy",service-ostatni.jpg
Ostatní služby,Péče o vlasy,single,Rozčesání dredů,Profesionální rozčesání dredů pro viditelné zlepšení. Šetrné rozčesání. Délka: 30 min.,"Rozčesání dredů je pečlivě navržené ošetření, které cílí na klíčové potřeby pleti i těla a přináší viditelné zlepšení vzhledu i komfortu.

Jak to probíhá:
Průběh je relaxační a zároveň účinný; techniky a intenzitu volíme individuálně podle cíle ošetření. Po ošetření je obvyklý okamžitý pocit svěžesti a postupně se zlepšuje vzhled pleti či kontur.

**Co tím získáte:**
• Šetrné rozčesání
• minimální poškození
• profesionální péče
• postupná úprava

Plán a doporučení:
Doporučený plán: 1. Délka ošetření: 30 min. Pro nejlepší výsledek doporučujeme pravidelnost a domácí péči podle našich tipů.

Kontraindikace: těhotenství, akutní záněty, otevřené rány, kovové implantáty v ošetřované oblasti a závažné kardiovaskulární potíže. Vždy nás prosím informujte o svém zdravotním stavu.",30,1,300,"Šetrné rozčesání, minimální poškození, profesionální péče, postupná úprava",service-ostatni.jpg
Hydrafacial,Hydrafacial,single,Hydrafacial – Basic,Profesionální hydrafacial – basic pro viditelné zlepšení. Hloubkové čištění. Délka: 60 min.,"Hydrafacial – Basic je pečlivě navržené ošetření, které cílí na klíčové potřeby pleti i těla a přináší viditelné zlepšení vzhledu i komfortu.

Jak to probíhá:
Průběh je relaxační a zároveň účinný; techniky a intenzitu volíme individuálně podle cíle ošetření. Po ošetření je obvyklý okamžitý pocit svěžesti a postupně se zlepšuje vzhled pleti či kontur.

**Co tím získáte:**
• Hloubkové čištění
• intenzivní hydratace
• sjednocení tónu
• okamžitý jas

Plán a doporučení:
Doporučený plán: 1. Délka ošetření: 60 min. Pro nejlepší výsledek doporučujeme pravidelnost a domácí péči podle našich tipů.

Kontraindikace: těhotenství, akutní záněty, otevřené rány, kovové implantáty v ošetřované oblasti a závažné kardiovaskulární potíže. Vždy nás prosím informujte o svém zdravotním stavu.",60,1,1650,"Hloubkové čištění, intenzivní hydratace, sjednocení tónu, okamžitý jas",service-cosmetic.jpg
Hydrafacial,Hydrafacial,single,Hydrafacial – Standard,Profesionální hydrafacial – standard pro viditelné zlepšení. Zpevnění pleti. Délka: 60 min.,"Hydrafacial – Standard je pečlivě navržené ošetření, které cílí na klíčové potřeby pleti i těla a přináší viditelné zlepšení vzhledu i komfortu.

Jak to probíhá:
Průběh je relaxační a zároveň účinný; techniky a intenzitu volíme individuálně podle cíle ošetření. Po ošetření je obvyklý okamžitý pocit svěžesti a postupně se zlepšuje vzhled pleti či kontur.

**Co tím získáte:**
• Zpevnění pleti
• hloubková hydratace
• kyslíková infuze
• zlepšení kvality pleti

Plán a doporučení:
Doporučený plán: 1. Délka ošetření: 60 min. Pro nejlepší výsledek doporučujeme pravidelnost a domácí péči podle našich tipů.

Kontraindikace: těhotenství, akutní záněty, otevřené rány, kovové implantáty v ošetřované oblasti a závažné kardiovaskulární potíže. Vždy nás prosím informujte o svém zdravotním stavu.",60,1,1900,"Zpevnění pleti, hloubková hydratace, kyslíková infuze, zlepšení kvality pleti",service-cosmetic.jpg
Hydrafacial,Hydrafacial,single,Hydrafacial – Premium,Profesionální hydrafacial – premium pro viditelné zlepšení. Maximální hydratace. Délka: 60 min.,"Hydrafacial – Premium je pečlivě navržené ošetření, které cílí na klíčové potřeby pleti i těla a přináší viditelné zlepšení vzhledu i komfortu.

Jak to probíhá:
Průběh je relaxační a zároveň účinný; techniky a intenzitu volíme individuálně podle cíle ošetření. Po ošetření je obvyklý okamžitý pocit svěžesti a postupně se zlepšuje vzhled pleti či kontur.

**Co tím získáte:**
• Maximální hydratace
• vypnutí pleti
• rozjasnění
• LED terapie

Plán a doporučení:
Doporučený plán: 1. Délka ošetření: 60 min. Pro nejlepší výsledek doporučujeme pravidelnost a domácí péči podle našich tipů.

Kontraindikace: těhotenství, akutní záněty, otevřené rány, kovové implantáty v ošetřované oblasti a závažné kardiovaskulární potíže. Vždy nás prosím informujte o svém zdravotním stavu.",60,1,2350,"Maximální hydratace, vypnutí pleti, rozjasnění, LED terapie",service-cosmetic.jpg
